representative_index,crossing_index_0based,crossing_index_1based,class_id,jones_vector,source_pd,switched_pd
0,0,1,J3,"[-5,3,-1,2,-3,4,-4,5,-3,2,-1]","[[22,20,1,19],[4,22,5,21],[10,5,11,6],[8,1,9,2],[2,9,3,10],[14,7,15,8],[18,16,19,15],[16,12,17,11],[12,18,13,17],[6,13,7,14],[20,4,21,3]]","[[20,1,19,22],[4,22,5,21],[10,5,11,6],[8,1,9,2],[2,9,3,10],[14,7,15,8],[18,16,19,15],[16,12,17,11],[12,18,13,17],[6,13,7,14],[20,4,21,3]]"
0,1,2,J1,"[-6,2,-1,2,-4,5,-4,5,-3,2,-1]","[[22,20,1,19],[4,22,5,21],[10,5,11,6],[8,1,9,2],[2,9,3,10],[14,7,15,8],[18,16,19,15],[16,12,17,11],[12,18,13,17],[6,13,7,14],[20,4,21,3]]","[[22,20,1,19],[22,5,21,4],[10,5,11,6],[8,1,9,2],[2,9,3,10],[14,7,15,8],[18,16,19,15],[16,12,17,11],[12,18,13,17],[6,13,7,14],[20,4,21,3]]"
0,2,3,J4,"[-2,6,-1,3,-4,6,-6,6,-5,3,-1]","[[22,20,1,19],[4,22,5,21],[10,5,11,6],[8,1,9,2],[2,9,3,10],[14,7,15,8],[18,16,19,15],[16,12,17,11],[12,18,13,17],[6,13,7,14],[20,4,21,3]]","[[22,20,1,19],[4,22,5,21],[5,11,6,10],[8,1,9,2],[2,9,3,10],[14,7,15,8],[18,16,19,15],[16,12,17,11],[12,18,13,17],[6,13,7,14],[20,4,21,3]]"
0,3,4,J2,"[-2,7,-1,2,-3,6,-6,7,-6,4,-3,1]","[[22,20,1,19],[4,22,5,21],[10,5,11,6],[8,1,9,2],[2,9,3,10],[14,7,15,8],[18,16,19,15],[16,12,17,11],[12,18,13,17],[6,13,7,14],[20,4,21,3]]","[[22,20,1,19],[4,22,5,21],[10,5,11,6],[1,9,2,8],[2,9,3,10],[14,7,15,8],[18,16,19,15],[16,12,17,11],[12,18,13,17],[6,13,7,14],[20,4,21,3]]"
0,4,5,J2,"[-2,7,-1,2,-3,6,-6,7,-6,4,-3,1]","[[22,20,1,19],[4,22,5,21],[10,5,11,6],[8,1,9,2],[2,9,3,10],[14,7,15,8],[18,16,19,15],[16,12,17,11],[12,18,13,17],[6,13,7,14],[20,4,21,3]]","[[22,20,1,19],[4,22,5,21],[10,5,11,6],[8,1,9,2],[9,3,10,2],[14,7,15,8],[18,16,19,15],[16,12,17,11],[12,18,13,17],[6,13,7,14],[20,4,21,3]]"
0,5,6,J2,"[-2,7,-1,2,-3,6,-6,7,-6,4,-3,1]","[[22,20,1,19],[4,22,5,21],[10,5,11,6],[8,1,9,2],[2,9,3,10],[14,7,15,8],[18,16,19,15],[16,12,17,11],[12,18,13,17],[6,13,7,14],[20,4,21,3]]","[[22,20,1,19],[4,22,5,21],[10,5,11,6],[8,1,9,2],[2,9,3,10],[7,15,8,14],[18,16,19,15],[16,12,17,11],[12,18,13,17],[6,13,7,14],[20,4,21,3]]"
0,6,7,J3,"[-5,3,-1,2,-3,4,-4,5,-3,2,-1]","[[22,20,1,19],[4,22,5,21],[10,5,11,6],[8,1,9,2],[2,9,3,10],[14,7,15,8],[18,16,19,15],[16,12,17,11],[12,18,13,17],[6,13,7,14],[20,4,21,3]]","[[22,20,1,19],[4,22,5,21],[10,5,11,6],[8,1,9,2],[2,9,3,10],[14,7,15,8],[16,19,15,18],[16,12,17,11],[12,18,13,17],[6,13,7,14],[20,4,21,3]]"
0,7,8,J1,"[-6,2,-1,2,-4,5,-4,5,-3,2,-1]","[[22,20,1,19],[4,22,5,21],[10,5,11,6],[8,1,9,2],[2,9,3,10],[14,7,15,8],[18,16,19,15],[16,12,17,11],[12,18,13,17],[6,13,7,14],[20,4,21,3]]","[[22,20,1,19],[4,22,5,21],[10,5,11,6],[8,1,9,2],[2,9,3,10],[14,7,15,8],[18,16,19,15],[12,17,11,16],[12,18,13,17],[6,13,7,14],[20,4,21,3]]"
0,8,9,J1,"[-6,2,-1,2,-4,5,-4,5,-3,2,-1]","[[22,20,1,19],[4,22,5,21],[10,5,11,6],[8,1,9,2],[2,9,3,10],[14,7,15,8],[18,16,19,15],[16,12,17,11],[12,18,13,17],[6,13,7,14],[20,4,21,3]]","[[22,20,1,19],[4,22,5,21],[10,5,11,6],[8,1,9,2],[2,9,3,10],[14,7,15,8],[18,16,19,15],[16,12,17,11],[18,13,17,12],[6,13,7,14],[20,4,21,3]]"
0,9,10,J2,"[-2,7,-1,2,-3,6,-6,7,-6,4,-3,1]","[[22,20,1,19],[4,22,5,21],[10,5,11,6],[8,1,9,2],[2,9,3,10],[14,7,15,8],[18,16,19,15],[16,12,17,11],[12,18,13,17],[6,13,7,14],[20,4,21,3]]","[[22,20,1,19],[4,22,5,21],[10,5,11,6],[8,1,9,2],[2,9,3,10],[14,7,15,8],[18,16,19,15],[16,12,17,11],[12,18,13,17],[13,7,14,6],[20,4,21,3]]"
0,10,11,J1,"[-6,2,-1,2,-4,5,-4,5,-3,2,-1]","[[22,20,1,19],[4,22,5,21],[10,5,11,6],[8,1,9,2],[2,9,3,10],[14,7,15,8],[18,16,19,15],[16,12,17,11],[12,18,13,17],[6,13,7,14],[20,4,21,3]]","[[22,20,1,19],[4,22,5,21],[10,5,11,6],[8,1,9,2],[2,9,3,10],[14,7,15,8],[18,16,19,15],[16,12,17,11],[12,18,13,17],[6,13,7,14],[4,21,3,20]]"
1,0,1,J3,"[-5,3,-1,2,-3,4,-4,5,-3,2,-1]","[[22,20,1,19],[4,22,5,21],[10,5,11,6],[8,1,9,2],[2,9,3,10],[16,7,17,8],[14,12,15,11],[18,14,19,13],[12,18,13,17],[6,15,7,16],[20,4,21,3]]","[[20,1,19,22],[4,22,5,21],[10,5,11,6],[8,1,9,2],[2,9,3,10],[16,7,17,8],[14,12,15,11],[18,14,19,13],[12,18,13,17],[6,15,7,16],[20,4,21,3]]"
1,1,2,J1,"[-6,2,-1,2,-4,5,-4,5,-3,2,-1]","[[22,20,1,19],[4,22,5,21],[10,5,11,6],[8,1,9,2],[2,9,3,10],[16,7,17,8],[14,12,15,11],[18,14,19,13],[12,18,13,17],[6,15,7,16],[20,4,21,3]]","[[22,20,1,19],[22,5,21,4],[10,5,11,6],[8,1,9,2],[2,9,3,10],[16,7,17,8],[14,12,15,11],[18,14,19,13],[12,18,13,17],[6,15,7,16],[20,4,21,3]]"
1,2,3,J4,"[-2,6,-1,3,-4,6,-6,6,-5,3,-1]","[[22,20,1,19],[4,22,5,21],[10,5,11,6],[8,1,9,2],[2,9,3,10],[16,7,17,8],[14,12,15,11],[18,14,19,13],[12,18,13,17],[6,15,7,16],[20,4,21,3]]","[[22,20,1,19],[4,22,5,21],[5,11,6,10],[8,1,9,2],[2,9,3,10],[16,7,17,8],[14,12,15,11],[18,14,19,13],[12,18,13,17],[6,15,7,16],[20,4,21,3]]"
1,3,4,J2,"[-2,7,-1,2,-3,6,-6,7,-6,4,-3,1]","[[22,20,1,19],[4,22,5,21],[10,5,11,6],[8,1,9,2],[2,9,3,10],[16,7,17,8],[14,12,15,11],[18,14,19,13],[12,18,13,17],[6,15,7,16],[20,4,21,3]]","[[22,20,1,19],[4,22,5,21],[10,5,11,6],[1,9,2,8],[2,9,3,10],[16,7,17,8],[14,12,15,11],[18,14,19,13],[12,18,13,17],[6,15,7,16],[20,4,21,3]]"
1,4,5,J2,"[-2,7,-1,2,-3,6,-6,7,-6,4,-3,1]","[[22,20,1,19],[4,22,5,21],[10,5,11,6],[8,1,9,2],[2,9,3,10],[16,7,17,8],[14,12,15,11],[18,14,19,13],[12,18,13,17],[6,15,7,16],[20,4,21,3]]","[[22,20,1,19],[4,22,5,21],[10,5,11,6],[8,1,9,2],[9,3,10,2],[16,7,17,8],[14,12,15,11],[18,14,19,13],[12,18,13,17],[6,15,7,16],[20,4,21,3]]"
1,5,6,J2,"[-2,7,-1,2,-3,6,-6,7,-6,4,-3,1]","[[22,20,1,19],[4,22,5,21],[10,5,11,6],[8,1,9,2],[2,9,3,10],[16,7,17,8],[14,12,15,11],[18,14,19,13],[12,18,13,17],[6,15,7,16],[20,4,21,3]]","[[22,20,1,19],[4,22,5,21],[10,5,11,6],[8,1,9,2],[2,9,3,10],[7,17,8,16],[14,12,15,11],[18,14,19,13],[12,18,13,17],[6,15,7,16],[20,4,21,3]]"
1,6,7,J3,"[-5,3,-1,2,-3,4,-4,5,-3,2,-1]","[[22,20,1,19],[4,22,5,21],[10,5,11,6],[8,1,9,2],[2,9,3,10],[16,7,17,8],[14,12,15,11],[18,14,19,13],[12,18,13,17],[6,15,7,16],[20,4,21,3]]","[[22,20,1,19],[4,22,5,21],[10,5,11,6],[8,1,9,2],[2,9,3,10],[16,7,17,8],[12,15,11,14],[18,14,19,13],[12,18,13,17],[6,15,7,16],[20,4,21,3]]"
1,7,8,J1,"[-6,2,-1,2,-4,5,-4,5,-3,2,-1]","[[22,20,1,19],[4,22,5,21],[10,5,11,6],[8,1,9,2],[2,9,3,10],[16,7,17,8],[14,12,15,11],[18,14,19,13],[12,18,13,17],[6,15,7,16],[20,4,21,3]]","[[22,20,1,19],[4,22,5,21],[10,5,11,6],[8,1,9,2],[2,9,3,10],[16,7,17,8],[14,12,15,11],[14,19,13,18],[12,18,13,17],[6,15,7,16],[20,4,21,3]]"
1,8,9,J1,"[-6,2,-1,2,-4,5,-4,5,-3,2,-1]","[[22,20,1,19],[4,22,5,21],[10,5,11,6],[8,1,9,2],[2,9,3,10],[16,7,17,8],[14,12,15,11],[18,14,19,13],[12,18,13,17],[6,15,7,16],[20,4,21,3]]","[[22,20,1,19],[4,22,5,21],[10,5,11,6],[8,1,9,2],[2,9,3,10],[16,7,17,8],[14,12,15,11],[18,14,19,13],[18,13,17,12],[6,15,7,16],[20,4,21,3]]"
1,9,10,J2,"[-2,7,-1,2,-3,6,-6,7,-6,4,-3,1]","[[22,20,1,19],[4,22,5,21],[10,5,11,6],[8,1,9,2],[2,9,3,10],[16,7,17,8],[14,12,15,11],[18,14,19,13],[12,18,13,17],[6,15,7,16],[20,4,21,3]]","[[22,20,1,19],[4,22,5,21],[10,5,11,6],[8,1,9,2],[2,9,3,10],[16,7,17,8],[14,12,15,11],[18,14,19,13],[12,18,13,17],[15,7,16,6],[20,4,21,3]]"
1,10,11,J1,"[-6,2,-1,2,-4,5,-4,5,-3,2,-1]","[[22,20,1,19],[4,22,5,21],[10,5,11,6],[8,1,9,2],[2,9,3,10],[16,7,17,8],[14,12,15,11],[18,14,19,13],[12,18,13,17],[6,15,7,16],[20,4,21,3]]","[[22,20,1,19],[4,22,5,21],[10,5,11,6],[8,1,9,2],[2,9,3,10],[16,7,17,8],[14,12,15,11],[18,14,19,13],[12,18,13,17],[6,15,7,16],[4,21,3,20]]"
2,0,1,J3,"[-5,3,-1,2,-3,4,-4,5,-3,2,-1]","[[22,20,1,19],[4,22,5,21],[18,13,19,14],[14,1,15,2],[2,15,3,16],[8,17,9,18],[12,10,13,9],[10,6,11,5],[6,12,7,11],[16,7,17,8],[20,4,21,3]]","[[20,1,19,22],[4,22,5,21],[18,13,19,14],[14,1,15,2],[2,15,3,16],[8,17,9,18],[12,10,13,9],[10,6,11,5],[6,12,7,11],[16,7,17,8],[20,4,21,3]]"
2,1,2,J1,"[-6,2,-1,2,-4,5,-4,5,-3,2,-1]","[[22,20,1,19],[4,22,5,21],[18,13,19,14],[14,1,15,2],[2,15,3,16],[8,17,9,18],[12,10,13,9],[10,6,11,5],[6,12,7,11],[16,7,17,8],[20,4,21,3]]","[[22,20,1,19],[22,5,21,4],[18,13,19,14],[14,1,15,2],[2,15,3,16],[8,17,9,18],[12,10,13,9],[10,6,11,5],[6,12,7,11],[16,7,17,8],[20,4,21,3]]"
2,2,3,J4,"[-2,6,-1,3,-4,6,-6,6,-5,3,-1]","[[22,20,1,19],[4,22,5,21],[18,13,19,14],[14,1,15,2],[2,15,3,16],[8,17,9,18],[12,10,13,9],[10,6,11,5],[6,12,7,11],[16,7,17,8],[20,4,21,3]]","[[22,20,1,19],[4,22,5,21],[13,19,14,18],[14,1,15,2],[2,15,3,16],[8,17,9,18],[12,10,13,9],[10,6,11,5],[6,12,7,11],[16,7,17,8],[20,4,21,3]]"
2,3,4,J2,"[-2,7,-1,2,-3,6,-6,7,-6,4,-3,1]","[[22,20,1,19],[4,22,5,21],[18,13,19,14],[14,1,15,2],[2,15,3,16],[8,17,9,18],[12,10,13,9],[10,6,11,5],[6,12,7,11],[16,7,17,8],[20,4,21,3]]","[[22,20,1,19],[4,22,5,21],[18,13,19,14],[1,15,2,14],[2,15,3,16],[8,17,9,18],[12,10,13,9],[10,6,11,5],[6,12,7,11],[16,7,17,8],[20,4,21,3]]"
2,4,5,J2,"[-2,7,-1,2,-3,6,-6,7,-6,4,-3,1]","[[22,20,1,19],[4,22,5,21],[18,13,19,14],[14,1,15,2],[2,15,3,16],[8,17,9,18],[12,10,13,9],[10,6,11,5],[6,12,7,11],[16,7,17,8],[20,4,21,3]]","[[22,20,1,19],[4,22,5,21],[18,13,19,14],[14,1,15,2],[15,3,16,2],[8,17,9,18],[12,10,13,9],[10,6,11,5],[6,12,7,11],[16,7,17,8],[20,4,21,3]]"
2,5,6,J2,"[-2,7,-1,2,-3,6,-6,7,-6,4,-3,1]","[[22,20,1,19],[4,22,5,21],[18,13,19,14],[14,1,15,2],[2,15,3,16],[8,17,9,18],[12,10,13,9],[10,6,11,5],[6,12,7,11],[16,7,17,8],[20,4,21,3]]","[[22,20,1,19],[4,22,5,21],[18,13,19,14],[14,1,15,2],[2,15,3,16],[17,9,18,8],[12,10,13,9],[10,6,11,5],[6,12,7,11],[16,7,17,8],[20,4,21,3]]"
2,6,7,J3,"[-5,3,-1,2,-3,4,-4,5,-3,2,-1]","[[22,20,1,19],[4,22,5,21],[18,13,19,14],[14,1,15,2],[2,15,3,16],[8,17,9,18],[12,10,13,9],[10,6,11,5],[6,12,7,11],[16,7,17,8],[20,4,21,3]]","[[22,20,1,19],[4,22,5,21],[18,13,19,14],[14,1,15,2],[2,15,3,16],[8,17,9,18],[10,13,9,12],[10,6,11,5],[6,12,7,11],[16,7,17,8],[20,4,21,3]]"
2,7,8,J1,"[-6,2,-1,2,-4,5,-4,5,-3,2,-1]","[[22,20,1,19],[4,22,5,21],[18,13,19,14],[14,1,15,2],[2,15,3,16],[8,17,9,18],[12,10,13,9],[10,6,11,5],[6,12,7,11],[16,7,17,8],[20,4,21,3]]","[[22,20,1,19],[4,22,5,21],[18,13,19,14],[14,1,15,2],[2,15,3,16],[8,17,9,18],[12,10,13,9],[6,11,5,10],[6,12,7,11],[16,7,17,8],[20,4,21,3]]"
2,8,9,J1,"[-6,2,-1,2,-4,5,-4,5,-3,2,-1]","[[22,20,1,19],[4,22,5,21],[18,13,19,14],[14,1,15,2],[2,15,3,16],[8,17,9,18],[12,10,13,9],[10,6,11,5],[6,12,7,11],[16,7,17,8],[20,4,21,3]]","[[22,20,1,19],[4,22,5,21],[18,13,19,14],[14,1,15,2],[2,15,3,16],[8,17,9,18],[12,10,13,9],[10,6,11,5],[12,7,11,6],[16,7,17,8],[20,4,21,3]]"
2,9,10,J2,"[-2,7,-1,2,-3,6,-6,7,-6,4,-3,1]","[[22,20,1,19],[4,22,5,21],[18,13,19,14],[14,1,15,2],[2,15,3,16],[8,17,9,18],[12,10,13,9],[10,6,11,5],[6,12,7,11],[16,7,17,8],[20,4,21,3]]","[[22,20,1,19],[4,22,5,21],[18,13,19,14],[14,1,15,2],[2,15,3,16],[8,17,9,18],[12,10,13,9],[10,6,11,5],[6,12,7,11],[7,17,8,16],[20,4,21,3]]"
2,10,11,J1,"[-6,2,-1,2,-4,5,-4,5,-3,2,-1]","[[22,20,1,19],[4,22,5,21],[18,13,19,14],[14,1,15,2],[2,15,3,16],[8,17,9,18],[12,10,13,9],[10,6,11,5],[6,12,7,11],[16,7,17,8],[20,4,21,3]]","[[22,20,1,19],[4,22,5,21],[18,13,19,14],[14,1,15,2],[2,15,3,16],[8,17,9,18],[12,10,13,9],[10,6,11,5],[6,12,7,11],[16,7,17,8],[4,21,3,20]]"
3,0,1,J3,"[-5,3,-1,2,-3,4,-4,5,-3,2,-1]","[[22,20,1,19],[4,22,5,21],[18,13,19,14],[14,1,15,2],[2,15,3,16],[10,17,11,18],[8,6,9,5],[12,8,13,7],[6,12,7,11],[16,9,17,10],[20,4,21,3]]","[[20,1,19,22],[4,22,5,21],[18,13,19,14],[14,1,15,2],[2,15,3,16],[10,17,11,18],[8,6,9,5],[12,8,13,7],[6,12,7,11],[16,9,17,10],[20,4,21,3]]"
3,1,2,J1,"[-6,2,-1,2,-4,5,-4,5,-3,2,-1]","[[22,20,1,19],[4,22,5,21],[18,13,19,14],[14,1,15,2],[2,15,3,16],[10,17,11,18],[8,6,9,5],[12,8,13,7],[6,12,7,11],[16,9,17,10],[20,4,21,3]]","[[22,20,1,19],[22,5,21,4],[18,13,19,14],[14,1,15,2],[2,15,3,16],[10,17,11,18],[8,6,9,5],[12,8,13,7],[6,12,7,11],[16,9,17,10],[20,4,21,3]]"
3,2,3,J4,"[-2,6,-1,3,-4,6,-6,6,-5,3,-1]","[[22,20,1,19],[4,22,5,21],[18,13,19,14],[14,1,15,2],[2,15,3,16],[10,17,11,18],[8,6,9,5],[12,8,13,7],[6,12,7,11],[16,9,17,10],[20,4,21,3]]","[[22,20,1,19],[4,22,5,21],[13,19,14,18],[14,1,15,2],[2,15,3,16],[10,17,11,18],[8,6,9,5],[12,8,13,7],[6,12,7,11],[16,9,17,10],[20,4,21,3]]"
3,3,4,J2,"[-2,7,-1,2,-3,6,-6,7,-6,4,-3,1]","[[22,20,1,19],[4,22,5,21],[18,13,19,14],[14,1,15,2],[2,15,3,16],[10,17,11,18],[8,6,9,5],[12,8,13,7],[6,12,7,11],[16,9,17,10],[20,4,21,3]]","[[22,20,1,19],[4,22,5,21],[18,13,19,14],[1,15,2,14],[2,15,3,16],[10,17,11,18],[8,6,9,5],[12,8,13,7],[6,12,7,11],[16,9,17,10],[20,4,21,3]]"
3,4,5,J2,"[-2,7,-1,2,-3,6,-6,7,-6,4,-3,1]","[[22,20,1,19],[4,22,5,21],[18,13,19,14],[14,1,15,2],[2,15,3,16],[10,17,11,18],[8,6,9,5],[12,8,13,7],[6,12,7,11],[16,9,17,10],[20,4,21,3]]","[[22,20,1,19],[4,22,5,21],[18,13,19,14],[14,1,15,2],[15,3,16,2],[10,17,11,18],[8,6,9,5],[12,8,13,7],[6,12,7,11],[16,9,17,10],[20,4,21,3]]"
3,5,6,J2,"[-2,7,-1,2,-3,6,-6,7,-6,4,-3,1]","[[22,20,1,19],[4,22,5,21],[18,13,19,14],[14,1,15,2],[2,15,3,16],[10,17,11,18],[8,6,9,5],[12,8,13,7],[6,12,7,11],[16,9,17,10],[20,4,21,3]]","[[22,20,1,19],[4,22,5,21],[18,13,19,14],[14,1,15,2],[2,15,3,16],[17,11,18,10],[8,6,9,5],[12,8,13,7],[6,12,7,11],[16,9,17,10],[20,4,21,3]]"
3,6,7,J3,"[-5,3,-1,2,-3,4,-4,5,-3,2,-1]","[[22,20,1,19],[4,22,5,21],[18,13,19,14],[14,1,15,2],[2,15,3,16],[10,17,11,18],[8,6,9,5],[12,8,13,7],[6,12,7,11],[16,9,17,10],[20,4,21,3]]","[[22,20,1,19],[4,22,5,21],[18,13,19,14],[14,1,15,2],[2,15,3,16],[10,17,11,18],[6,9,5,8],[12,8,13,7],[6,12,7,11],[16,9,17,10],[20,4,21,3]]"
3,7,8,J1,"[-6,2,-1,2,-4,5,-4,5,-3,2,-1]","[[22,20,1,19],[4,22,5,21],[18,13,19,14],[14,1,15,2],[2,15,3,16],[10,17,11,18],[8,6,9,5],[12,8,13,7],[6,12,7,11],[16,9,17,10],[20,4,21,3]]","[[22,20,1,19],[4,22,5,21],[18,13,19,14],[14,1,15,2],[2,15,3,16],[10,17,11,18],[8,6,9,5],[8,13,7,12],[6,12,7,11],[16,9,17,10],[20,4,21,3]]"
3,8,9,J1,"[-6,2,-1,2,-4,5,-4,5,-3,2,-1]","[[22,20,1,19],[4,22,5,21],[18,13,19,14],[14,1,15,2],[2,15,3,16],[10,17,11,18],[8,6,9,5],[12,8,13,7],[6,12,7,11],[16,9,17,10],[20,4,21,3]]","[[22,20,1,19],[4,22,5,21],[18,13,19,14],[14,1,15,2],[2,15,3,16],[10,17,11,18],[8,6,9,5],[12,8,13,7],[12,7,11,6],[16,9,17,10],[20,4,21,3]]"
3,9,10,J2,"[-2,7,-1,2,-3,6,-6,7,-6,4,-3,1]","[[22,20,1,19],[4,22,5,21],[18,13,19,14],[14,1,15,2],[2,15,3,16],[10,17,11,18],[8,6,9,5],[12,8,13,7],[6,12,7,11],[16,9,17,10],[20,4,21,3]]","[[22,20,1,19],[4,22,5,21],[18,13,19,14],[14,1,15,2],[2,15,3,16],[10,17,11,18],[8,6,9,5],[12,8,13,7],[6,12,7,11],[9,17,10,16],[20,4,21,3]]"
3,10,11,J1,"[-6,2,-1,2,-4,5,-4,5,-3,2,-1]","[[22,20,1,19],[4,22,5,21],[18,13,19,14],[14,1,15,2],[2,15,3,16],[10,17,11,18],[8,6,9,5],[12,8,13,7],[6,12,7,11],[16,9,17,10],[20,4,21,3]]","[[22,20,1,19],[4,22,5,21],[18,13,19,14],[14,1,15,2],[2,15,3,16],[10,17,11,18],[8,6,9,5],[12,8,13,7],[6,12,7,11],[16,9,17,10],[4,21,3,20]]"
4,0,1,J3,"[-5,3,-1,2,-3,4,-4,5,-3,2,-1]","[[22,4,1,3],[2,8,3,7],[16,21,17,22],[18,5,19,6],[4,17,5,18],[12,19,13,20],[8,12,9,11],[10,16,11,15],[14,10,15,9],[20,13,21,14],[6,2,7,1]]","[[4,1,3,22],[2,8,3,7],[16,21,17,22],[18,5,19,6],[4,17,5,18],[12,19,13,20],[8,12,9,11],[10,16,11,15],[14,10,15,9],[20,13,21,14],[6,2,7,1]]"
4,1,2,J1,"[-6,2,-1,2,-4,5,-4,5,-3,2,-1]","[[22,4,1,3],[2,8,3,7],[16,21,17,22],[18,5,19,6],[4,17,5,18],[12,19,13,20],[8,12,9,11],[10,16,11,15],[14,10,15,9],[20,13,21,14],[6,2,7,1]]","[[22,4,1,3],[8,3,7,2],[16,21,17,22],[18,5,19,6],[4,17,5,18],[12,19,13,20],[8,12,9,11],[10,16,11,15],[14,10,15,9],[20,13,21,14],[6,2,7,1]]"
4,2,3,J4,"[-2,6,-1,3,-4,6,-6,6,-5,3,-1]","[[22,4,1,3],[2,8,3,7],[16,21,17,22],[18,5,19,6],[4,17,5,18],[12,19,13,20],[8,12,9,11],[10,16,11,15],[14,10,15,9],[20,13,21,14],[6,2,7,1]]","[[22,4,1,3],[2,8,3,7],[21,17,22,16],[18,5,19,6],[4,17,5,18],[12,19,13,20],[8,12,9,11],[10,16,11,15],[14,10,15,9],[20,13,21,14],[6,2,7,1]]"
4,3,4,J2,"[-2,7,-1,2,-3,6,-6,7,-6,4,-3,1]","[[22,4,1,3],[2,8,3,7],[16,21,17,22],[18,5,19,6],[4,17,5,18],[12,19,13,20],[8,12,9,11],[10,16,11,15],[14,10,15,9],[20,13,21,14],[6,2,7,1]]","[[22,4,1,3],[2,8,3,7],[16,21,17,22],[5,19,6,18],[4,17,5,18],[12,19,13,20],[8,12,9,11],[10,16,11,15],[14,10,15,9],[20,13,21,14],[6,2,7,1]]"
4,4,5,J2,"[-2,7,-1,2,-3,6,-6,7,-6,4,-3,1]","[[22,4,1,3],[2,8,3,7],[16,21,17,22],[18,5,19,6],[4,17,5,18],[12,19,13,20],[8,12,9,11],[10,16,11,15],[14,10,15,9],[20,13,21,14],[6,2,7,1]]","[[22,4,1,3],[2,8,3,7],[16,21,17,22],[18,5,19,6],[17,5,18,4],[12,19,13,20],[8,12,9,11],[10,16,11,15],[14,10,15,9],[20,13,21,14],[6,2,7,1]]"
4,5,6,J2,"[-2,7,-1,2,-3,6,-6,7,-6,4,-3,1]","[[22,4,1,3],[2,8,3,7],[16,21,17,22],[18,5,19,6],[4,17,5,18],[12,19,13,20],[8,12,9,11],[10,16,11,15],[14,10,15,9],[20,13,21,14],[6,2,7,1]]","[[22,4,1,3],[2,8,3,7],[16,21,17,22],[18,5,19,6],[4,17,5,18],[19,13,20,12],[8,12,9,11],[10,16,11,15],[14,10,15,9],[20,13,21,14],[6,2,7,1]]"
4,6,7,J3,"[-5,3,-1,2,-3,4,-4,5,-3,2,-1]","[[22,4,1,3],[2,8,3,7],[16,21,17,22],[18,5,19,6],[4,17,5,18],[12,19,13,20],[8,12,9,11],[10,16,11,15],[14,10,15,9],[20,13,21,14],[6,2,7,1]]","[[22,4,1,3],[2,8,3,7],[16,21,17,22],[18,5,19,6],[4,17,5,18],[12,19,13,20],[12,9,11,8],[10,16,11,15],[14,10,15,9],[20,13,21,14],[6,2,7,1]]"
4,7,8,J1,"[-6,2,-1,2,-4,5,-4,5,-3,2,-1]","[[22,4,1,3],[2,8,3,7],[16,21,17,22],[18,5,19,6],[4,17,5,18],[12,19,13,20],[8,12,9,11],[10,16,11,15],[14,10,15,9],[20,13,21,14],[6,2,7,1]]","[[22,4,1,3],[2,8,3,7],[16,21,17,22],[18,5,19,6],[4,17,5,18],[12,19,13,20],[8,12,9,11],[16,11,15,10],[14,10,15,9],[20,13,21,14],[6,2,7,1]]"
4,8,9,J1,"[-6,2,-1,2,-4,5,-4,5,-3,2,-1]","[[22,4,1,3],[2,8,3,7],[16,21,17,22],[18,5,19,6],[4,17,5,18],[12,19,13,20],[8,12,9,11],[10,16,11,15],[14,10,15,9],[20,13,21,14],[6,2,7,1]]","[[22,4,1,3],[2,8,3,7],[16,21,17,22],[18,5,19,6],[4,17,5,18],[12,19,13,20],[8,12,9,11],[10,16,11,15],[10,15,9,14],[20,13,21,14],[6,2,7,1]]"
4,9,10,J2,"[-2,7,-1,2,-3,6,-6,7,-6,4,-3,1]","[[22,4,1,3],[2,8,3,7],[16,21,17,22],[18,5,19,6],[4,17,5,18],[12,19,13,20],[8,12,9,11],[10,16,11,15],[14,10,15,9],[20,13,21,14],[6,2,7,1]]","[[22,4,1,3],[2,8,3,7],[16,21,17,22],[18,5,19,6],[4,17,5,18],[12,19,13,20],[8,12,9,11],[10,16,11,15],[14,10,15,9],[13,21,14,20],[6,2,7,1]]"
4,10,11,J1,"[-6,2,-1,2,-4,5,-4,5,-3,2,-1]","[[22,4,1,3],[2,8,3,7],[16,21,17,22],[18,5,19,6],[4,17,5,18],[12,19,13,20],[8,12,9,11],[10,16,11,15],[14,10,15,9],[20,13,21,14],[6,2,7,1]]","[[22,4,1,3],[2,8,3,7],[16,21,17,22],[18,5,19,6],[4,17,5,18],[12,19,13,20],[8,12,9,11],[10,16,11,15],[14,10,15,9],[20,13,21,14],[2,7,1,6]]"
5,0,1,J3,"[-5,3,-1,2,-3,4,-4,5,-3,2,-1]","[[22,4,1,3],[2,8,3,7],[16,21,17,22],[18,5,19,6],[4,17,5,18],[10,19,11,20],[12,16,13,15],[8,14,9,13],[14,10,15,9],[20,11,21,12],[6,2,7,1]]","[[4,1,3,22],[2,8,3,7],[16,21,17,22],[18,5,19,6],[4,17,5,18],[10,19,11,20],[12,16,13,15],[8,14,9,13],[14,10,15,9],[20,11,21,12],[6,2,7,1]]"
5,1,2,J1,"[-6,2,-1,2,-4,5,-4,5,-3,2,-1]","[[22,4,1,3],[2,8,3,7],[16,21,17,22],[18,5,19,6],[4,17,5,18],[10,19,11,20],[12,16,13,15],[8,14,9,13],[14,10,15,9],[20,11,21,12],[6,2,7,1]]","[[22,4,1,3],[8,3,7,2],[16,21,17,22],[18,5,19,6],[4,17,5,18],[10,19,11,20],[12,16,13,15],[8,14,9,13],[14,10,15,9],[20,11,21,12],[6,2,7,1]]"
5,2,3,J4,"[-2,6,-1,3,-4,6,-6,6,-5,3,-1]","[[22,4,1,3],[2,8,3,7],[16,21,17,22],[18,5,19,6],[4,17,5,18],[10,19,11,20],[12,16,13,15],[8,14,9,13],[14,10,15,9],[20,11,21,12],[6,2,7,1]]","[[22,4,1,3],[2,8,3,7],[21,17,22,16],[18,5,19,6],[4,17,5,18],[10,19,11,20],[12,16,13,15],[8,14,9,13],[14,10,15,9],[20,11,21,12],[6,2,7,1]]"
5,3,4,J2,"[-2,7,-1,2,-3,6,-6,7,-6,4,-3,1]","[[22,4,1,3],[2,8,3,7],[16,21,17,22],[18,5,19,6],[4,17,5,18],[10,19,11,20],[12,16,13,15],[8,14,9,13],[14,10,15,9],[20,11,21,12],[6,2,7,1]]","[[22,4,1,3],[2,8,3,7],[16,21,17,22],[5,19,6,18],[4,17,5,18],[10,19,11,20],[12,16,13,15],[8,14,9,13],[14,10,15,9],[20,11,21,12],[6,2,7,1]]"
5,4,5,J2,"[-2,7,-1,2,-3,6,-6,7,-6,4,-3,1]","[[22,4,1,3],[2,8,3,7],[16,21,17,22],[18,5,19,6],[4,17,5,18],[10,19,11,20],[12,16,13,15],[8,14,9,13],[14,10,15,9],[20,11,21,12],[6,2,7,1]]","[[22,4,1,3],[2,8,3,7],[16,21,17,22],[18,5,19,6],[17,5,18,4],[10,19,11,20],[12,16,13,15],[8,14,9,13],[14,10,15,9],[20,11,21,12],[6,2,7,1]]"
5,5,6,J2,"[-2,7,-1,2,-3,6,-6,7,-6,4,-3,1]","[[22,4,1,3],[2,8,3,7],[16,21,17,22],[18,5,19,6],[4,17,5,18],[10,19,11,20],[12,16,13,15],[8,14,9,13],[14,10,15,9],[20,11,21,12],[6,2,7,1]]","[[22,4,1,3],[2,8,3,7],[16,21,17,22],[18,5,19,6],[4,17,5,18],[19,11,20,10],[12,16,13,15],[8,14,9,13],[14,10,15,9],[20,11,21,12],[6,2,7,1]]"
5,6,7,J3,"[-5,3,-1,2,-3,4,-4,5,-3,2,-1]","[[22,4,1,3],[2,8,3,7],[16,21,17,22],[18,5,19,6],[4,17,5,18],[10,19,11,20],[12,16,13,15],[8,14,9,13],[14,10,15,9],[20,11,21,12],[6,2,7,1]]","[[22,4,1,3],[2,8,3,7],[16,21,17,22],[18,5,19,6],[4,17,5,18],[10,19,11,20],[16,13,15,12],[8,14,9,13],[14,10,15,9],[20,11,21,12],[6,2,7,1]]"
5,7,8,J1,"[-6,2,-1,2,-4,5,-4,5,-3,2,-1]","[[22,4,1,3],[2,8,3,7],[16,21,17,22],[18,5,19,6],[4,17,5,18],[10,19,11,20],[12,16,13,15],[8,14,9,13],[14,10,15,9],[20,11,21,12],[6,2,7,1]]","[[22,4,1,3],[2,8,3,7],[16,21,17,22],[18,5,19,6],[4,17,5,18],[10,19,11,20],[12,16,13,15],[14,9,13,8],[14,10,15,9],[20,11,21,12],[6,2,7,1]]"
5,8,9,J1,"[-6,2,-1,2,-4,5,-4,5,-3,2,-1]","[[22,4,1,3],[2,8,3,7],[16,21,17,22],[18,5,19,6],[4,17,5,18],[10,19,11,20],[12,16,13,15],[8,14,9,13],[14,10,15,9],[20,11,21,12],[6,2,7,1]]","[[22,4,1,3],[2,8,3,7],[16,21,17,22],[18,5,19,6],[4,17,5,18],[10,19,11,20],[12,16,13,15],[8,14,9,13],[10,15,9,14],[20,11,21,12],[6,2,7,1]]"
5,9,10,J2,"[-2,7,-1,2,-3,6,-6,7,-6,4,-3,1]","[[22,4,1,3],[2,8,3,7],[16,21,17,22],[18,5,19,6],[4,17,5,18],[10,19,11,20],[12,16,13,15],[8,14,9,13],[14,10,15,9],[20,11,21,12],[6,2,7,1]]","[[22,4,1,3],[2,8,3,7],[16,21,17,22],[18,5,19,6],[4,17,5,18],[10,19,11,20],[12,16,13,15],[8,14,9,13],[14,10,15,9],[11,21,12,20],[6,2,7,1]]"
5,10,11,J1,"[-6,2,-1,2,-4,5,-4,5,-3,2,-1]","[[22,4,1,3],[2,8,3,7],[16,21,17,22],[18,5,19,6],[4,17,5,18],[10,19,11,20],[12,16,13,15],[8,14,9,13],[14,10,15,9],[20,11,21,12],[6,2,7,1]]","[[22,4,1,3],[2,8,3,7],[16,21,17,22],[18,5,19,6],[4,17,5,18],[10,19,11,20],[12,16,13,15],[8,14,9,13],[14,10,15,9],[20,11,21,12],[2,7,1,6]]"
6,0,1,J3,"[-5,3,-1,2,-3,4,-4,5,-3,2,-1]","[[22,4,1,3],[2,8,3,7],[8,13,9,14],[12,5,13,6],[4,11,5,12],[18,9,19,10],[14,18,15,17],[16,22,17,21],[20,16,21,15],[10,19,11,20],[6,2,7,1]]","[[4,1,3,22],[2,8,3,7],[8,13,9,14],[12,5,13,6],[4,11,5,12],[18,9,19,10],[14,18,15,17],[16,22,17,21],[20,16,21,15],[10,19,11,20],[6,2,7,1]]"
6,1,2,J1,"[-6,2,-1,2,-4,5,-4,5,-3,2,-1]","[[22,4,1,3],[2,8,3,7],[8,13,9,14],[12,5,13,6],[4,11,5,12],[18,9,19,10],[14,18,15,17],[16,22,17,21],[20,16,21,15],[10,19,11,20],[6,2,7,1]]","[[22,4,1,3],[8,3,7,2],[8,13,9,14],[12,5,13,6],[4,11,5,12],[18,9,19,10],[14,18,15,17],[16,22,17,21],[20,16,21,15],[10,19,11,20],[6,2,7,1]]"
6,2,3,J4,"[-2,6,-1,3,-4,6,-6,6,-5,3,-1]","[[22,4,1,3],[2,8,3,7],[8,13,9,14],[12,5,13,6],[4,11,5,12],[18,9,19,10],[14,18,15,17],[16,22,17,21],[20,16,21,15],[10,19,11,20],[6,2,7,1]]","[[22,4,1,3],[2,8,3,7],[13,9,14,8],[12,5,13,6],[4,11,5,12],[18,9,19,10],[14,18,15,17],[16,22,17,21],[20,16,21,15],[10,19,11,20],[6,2,7,1]]"
6,3,4,J2,"[-2,7,-1,2,-3,6,-6,7,-6,4,-3,1]","[[22,4,1,3],[2,8,3,7],[8,13,9,14],[12,5,13,6],[4,11,5,12],[18,9,19,10],[14,18,15,17],[16,22,17,21],[20,16,21,15],[10,19,11,20],[6,2,7,1]]","[[22,4,1,3],[2,8,3,7],[8,13,9,14],[5,13,6,12],[4,11,5,12],[18,9,19,10],[14,18,15,17],[16,22,17,21],[20,16,21,15],[10,19,11,20],[6,2,7,1]]"
6,4,5,J2,"[-2,7,-1,2,-3,6,-6,7,-6,4,-3,1]","[[22,4,1,3],[2,8,3,7],[8,13,9,14],[12,5,13,6],[4,11,5,12],[18,9,19,10],[14,18,15,17],[16,22,17,21],[20,16,21,15],[10,19,11,20],[6,2,7,1]]","[[22,4,1,3],[2,8,3,7],[8,13,9,14],[12,5,13,6],[11,5,12,4],[18,9,19,10],[14,18,15,17],[16,22,17,21],[20,16,21,15],[10,19,11,20],[6,2,7,1]]"
6,5,6,J2,"[-2,7,-1,2,-3,6,-6,7,-6,4,-3,1]","[[22,4,1,3],[2,8,3,7],[8,13,9,14],[12,5,13,6],[4,11,5,12],[18,9,19,10],[14,18,15,17],[16,22,17,21],[20,16,21,15],[10,19,11,20],[6,2,7,1]]","[[22,4,1,3],[2,8,3,7],[8,13,9,14],[12,5,13,6],[4,11,5,12],[9,19,10,18],[14,18,15,17],[16,22,17,21],[20,16,21,15],[10,19,11,20],[6,2,7,1]]"
6,6,7,J3,"[-5,3,-1,2,-3,4,-4,5,-3,2,-1]","[[22,4,1,3],[2,8,3,7],[8,13,9,14],[12,5,13,6],[4,11,5,12],[18,9,19,10],[14,18,15,17],[16,22,17,21],[20,16,21,15],[10,19,11,20],[6,2,7,1]]","[[22,4,1,3],[2,8,3,7],[8,13,9,14],[12,5,13,6],[4,11,5,12],[18,9,19,10],[18,15,17,14],[16,22,17,21],[20,16,21,15],[10,19,11,20],[6,2,7,1]]"
6,7,8,J1,"[-6,2,-1,2,-4,5,-4,5,-3,2,-1]","[[22,4,1,3],[2,8,3,7],[8,13,9,14],[12,5,13,6],[4,11,5,12],[18,9,19,10],[14,18,15,17],[16,22,17,21],[20,16,21,15],[10,19,11,20],[6,2,7,1]]","[[22,4,1,3],[2,8,3,7],[8,13,9,14],[12,5,13,6],[4,11,5,12],[18,9,19,10],[14,18,15,17],[22,17,21,16],[20,16,21,15],[10,19,11,20],[6,2,7,1]]"
6,8,9,J1,"[-6,2,-1,2,-4,5,-4,5,-3,2,-1]","[[22,4,1,3],[2,8,3,7],[8,13,9,14],[12,5,13,6],[4,11,5,12],[18,9,19,10],[14,18,15,17],[16,22,17,21],[20,16,21,15],[10,19,11,20],[6,2,7,1]]","[[22,4,1,3],[2,8,3,7],[8,13,9,14],[12,5,13,6],[4,11,5,12],[18,9,19,10],[14,18,15,17],[16,22,17,21],[16,21,15,20],[10,19,11,20],[6,2,7,1]]"
6,9,10,J2,"[-2,7,-1,2,-3,6,-6,7,-6,4,-3,1]","[[22,4,1,3],[2,8,3,7],[8,13,9,14],[12,5,13,6],[4,11,5,12],[18,9,19,10],[14,18,15,17],[16,22,17,21],[20,16,21,15],[10,19,11,20],[6,2,7,1]]","[[22,4,1,3],[2,8,3,7],[8,13,9,14],[12,5,13,6],[4,11,5,12],[18,9,19,10],[14,18,15,17],[16,22,17,21],[20,16,21,15],[19,11,20,10],[6,2,7,1]]"
6,10,11,J1,"[-6,2,-1,2,-4,5,-4,5,-3,2,-1]","[[22,4,1,3],[2,8,3,7],[8,13,9,14],[12,5,13,6],[4,11,5,12],[18,9,19,10],[14,18,15,17],[16,22,17,21],[20,16,21,15],[10,19,11,20],[6,2,7,1]]","[[22,4,1,3],[2,8,3,7],[8,13,9,14],[12,5,13,6],[4,11,5,12],[18,9,19,10],[14,18,15,17],[16,22,17,21],[20,16,21,15],[10,19,11,20],[2,7,1,6]]"
7,0,1,J3,"[-5,3,-1,2,-3,4,-4,5,-3,2,-1]","[[22,4,1,3],[2,8,3,7],[8,13,9,14],[12,5,13,6],[4,11,5,12],[16,9,17,10],[18,22,19,21],[14,20,15,19],[20,16,21,15],[10,17,11,18],[6,2,7,1]]","[[4,1,3,22],[2,8,3,7],[8,13,9,14],[12,5,13,6],[4,11,5,12],[16,9,17,10],[18,22,19,21],[14,20,15,19],[20,16,21,15],[10,17,11,18],[6,2,7,1]]"
7,1,2,J1,"[-6,2,-1,2,-4,5,-4,5,-3,2,-1]","[[22,4,1,3],[2,8,3,7],[8,13,9,14],[12,5,13,6],[4,11,5,12],[16,9,17,10],[18,22,19,21],[14,20,15,19],[20,16,21,15],[10,17,11,18],[6,2,7,1]]","[[22,4,1,3],[8,3,7,2],[8,13,9,14],[12,5,13,6],[4,11,5,12],[16,9,17,10],[18,22,19,21],[14,20,15,19],[20,16,21,15],[10,17,11,18],[6,2,7,1]]"
7,2,3,J4,"[-2,6,-1,3,-4,6,-6,6,-5,3,-1]","[[22,4,1,3],[2,8,3,7],[8,13,9,14],[12,5,13,6],[4,11,5,12],[16,9,17,10],[18,22,19,21],[14,20,15,19],[20,16,21,15],[10,17,11,18],[6,2,7,1]]","[[22,4,1,3],[2,8,3,7],[13,9,14,8],[12,5,13,6],[4,11,5,12],[16,9,17,10],[18,22,19,21],[14,20,15,19],[20,16,21,15],[10,17,11,18],[6,2,7,1]]"
7,3,4,J2,"[-2,7,-1,2,-3,6,-6,7,-6,4,-3,1]","[[22,4,1,3],[2,8,3,7],[8,13,9,14],[12,5,13,6],[4,11,5,12],[16,9,17,10],[18,22,19,21],[14,20,15,19],[20,16,21,15],[10,17,11,18],[6,2,7,1]]","[[22,4,1,3],[2,8,3,7],[8,13,9,14],[5,13,6,12],[4,11,5,12],[16,9,17,10],[18,22,19,21],[14,20,15,19],[20,16,21,15],[10,17,11,18],[6,2,7,1]]"
7,4,5,J2,"[-2,7,-1,2,-3,6,-6,7,-6,4,-3,1]","[[22,4,1,3],[2,8,3,7],[8,13,9,14],[12,5,13,6],[4,11,5,12],[16,9,17,10],[18,22,19,21],[14,20,15,19],[20,16,21,15],[10,17,11,18],[6,2,7,1]]","[[22,4,1,3],[2,8,3,7],[8,13,9,14],[12,5,13,6],[11,5,12,4],[16,9,17,10],[18,22,19,21],[14,20,15,19],[20,16,21,15],[10,17,11,18],[6,2,7,1]]"
7,5,6,J2,"[-2,7,-1,2,-3,6,-6,7,-6,4,-3,1]","[[22,4,1,3],[2,8,3,7],[8,13,9,14],[12,5,13,6],[4,11,5,12],[16,9,17,10],[18,22,19,21],[14,20,15,19],[20,16,21,15],[10,17,11,18],[6,2,7,1]]","[[22,4,1,3],[2,8,3,7],[8,13,9,14],[12,5,13,6],[4,11,5,12],[9,17,10,16],[18,22,19,21],[14,20,15,19],[20,16,21,15],[10,17,11,18],[6,2,7,1]]"
7,6,7,J3,"[-5,3,-1,2,-3,4,-4,5,-3,2,-1]","[[22,4,1,3],[2,8,3,7],[8,13,9,14],[12,5,13,6],[4,11,5,12],[16,9,17,10],[18,22,19,21],[14,20,15,19],[20,16,21,15],[10,17,11,18],[6,2,7,1]]","[[22,4,1,3],[2,8,3,7],[8,13,9,14],[12,5,13,6],[4,11,5,12],[16,9,17,10],[22,19,21,18],[14,20,15,19],[20,16,21,15],[10,17,11,18],[6,2,7,1]]"
7,7,8,J1,"[-6,2,-1,2,-4,5,-4,5,-3,2,-1]","[[22,4,1,3],[2,8,3,7],[8,13,9,14],[12,5,13,6],[4,11,5,12],[16,9,17,10],[18,22,19,21],[14,20,15,19],[20,16,21,15],[10,17,11,18],[6,2,7,1]]","[[22,4,1,3],[2,8,3,7],[8,13,9,14],[12,5,13,6],[4,11,5,12],[16,9,17,10],[18,22,19,21],[20,15,19,14],[20,16,21,15],[10,17,11,18],[6,2,7,1]]"
7,8,9,J1,"[-6,2,-1,2,-4,5,-4,5,-3,2,-1]","[[22,4,1,3],[2,8,3,7],[8,13,9,14],[12,5,13,6],[4,11,5,12],[16,9,17,10],[18,22,19,21],[14,20,15,19],[20,16,21,15],[10,17,11,18],[6,2,7,1]]","[[22,4,1,3],[2,8,3,7],[8,13,9,14],[12,5,13,6],[4,11,5,12],[16,9,17,10],[18,22,19,21],[14,20,15,19],[16,21,15,20],[10,17,11,18],[6,2,7,1]]"
7,9,10,J2,"[-2,7,-1,2,-3,6,-6,7,-6,4,-3,1]","[[22,4,1,3],[2,8,3,7],[8,13,9,14],[12,5,13,6],[4,11,5,12],[16,9,17,10],[18,22,19,21],[14,20,15,19],[20,16,21,15],[10,17,11,18],[6,2,7,1]]","[[22,4,1,3],[2,8,3,7],[8,13,9,14],[12,5,13,6],[4,11,5,12],[16,9,17,10],[18,22,19,21],[14,20,15,19],[20,16,21,15],[17,11,18,10],[6,2,7,1]]"
7,10,11,J1,"[-6,2,-1,2,-4,5,-4,5,-3,2,-1]","[[22,4,1,3],[2,8,3,7],[8,13,9,14],[12,5,13,6],[4,11,5,12],[16,9,17,10],[18,22,19,21],[14,20,15,19],[20,16,21,15],[10,17,11,18],[6,2,7,1]]","[[22,4,1,3],[2,8,3,7],[8,13,9,14],[12,5,13,6],[4,11,5,12],[16,9,17,10],[18,22,19,21],[14,20,15,19],[20,16,21,15],[10,17,11,18],[2,7,1,6]]"
8,0,1,J3,"[-5,3,-1,2,-3,4,-4,5,-3,2,-1]","[[1,5,2,4],[19,3,20,2],[7,18,8,19],[9,22,10,1],[21,8,22,9],[13,6,14,7],[17,15,18,14],[15,11,16,10],[11,17,12,16],[5,12,6,13],[3,21,4,20]]","[[5,2,4,1],[19,3,20,2],[7,18,8,19],[9,22,10,1],[21,8,22,9],[13,6,14,7],[17,15,18,14],[15,11,16,10],[11,17,12,16],[5,12,6,13],[3,21,4,20]]"
8,1,2,J1,"[-6,2,-1,2,-4,5,-4,5,-3,2,-1]","[[1,5,2,4],[19,3,20,2],[7,18,8,19],[9,22,10,1],[21,8,22,9],[13,6,14,7],[17,15,18,14],[15,11,16,10],[11,17,12,16],[5,12,6,13],[3,21,4,20]]","[[1,5,2,4],[3,20,2,19],[7,18,8,19],[9,22,10,1],[21,8,22,9],[13,6,14,7],[17,15,18,14],[15,11,16,10],[11,17,12,16],[5,12,6,13],[3,21,4,20]]"
8,2,3,J4,"[-2,6,-1,3,-4,6,-6,6,-5,3,-1]","[[1,5,2,4],[19,3,20,2],[7,18,8,19],[9,22,10,1],[21,8,22,9],[13,6,14,7],[17,15,18,14],[15,11,16,10],[11,17,12,16],[5,12,6,13],[3,21,4,20]]","[[1,5,2,4],[19,3,20,2],[18,8,19,7],[9,22,10,1],[21,8,22,9],[13,6,14,7],[17,15,18,14],[15,11,16,10],[11,17,12,16],[5,12,6,13],[3,21,4,20]]"
8,3,4,J2,"[-2,7,-1,2,-3,6,-6,7,-6,4,-3,1]","[[1,5,2,4],[19,3,20,2],[7,18,8,19],[9,22,10,1],[21,8,22,9],[13,6,14,7],[17,15,18,14],[15,11,16,10],[11,17,12,16],[5,12,6,13],[3,21,4,20]]","[[1,5,2,4],[19,3,20,2],[7,18,8,19],[22,10,1,9],[21,8,22,9],[13,6,14,7],[17,15,18,14],[15,11,16,10],[11,17,12,16],[5,12,6,13],[3,21,4,20]]"
8,4,5,J2,"[-2,7,-1,2,-3,6,-6,7,-6,4,-3,1]","[[1,5,2,4],[19,3,20,2],[7,18,8,19],[9,22,10,1],[21,8,22,9],[13,6,14,7],[17,15,18,14],[15,11,16,10],[11,17,12,16],[5,12,6,13],[3,21,4,20]]","[[1,5,2,4],[19,3,20,2],[7,18,8,19],[9,22,10,1],[8,22,9,21],[13,6,14,7],[17,15,18,14],[15,11,16,10],[11,17,12,16],[5,12,6,13],[3,21,4,20]]"
8,5,6,J2,"[-2,7,-1,2,-3,6,-6,7,-6,4,-3,1]","[[1,5,2,4],[19,3,20,2],[7,18,8,19],[9,22,10,1],[21,8,22,9],[13,6,14,7],[17,15,18,14],[15,11,16,10],[11,17,12,16],[5,12,6,13],[3,21,4,20]]","[[1,5,2,4],[19,3,20,2],[7,18,8,19],[9,22,10,1],[21,8,22,9],[6,14,7,13],[17,15,18,14],[15,11,16,10],[11,17,12,16],[5,12,6,13],[3,21,4,20]]"
8,6,7,J3,"[-5,3,-1,2,-3,4,-4,5,-3,2,-1]","[[1,5,2,4],[19,3,20,2],[7,18,8,19],[9,22,10,1],[21,8,22,9],[13,6,14,7],[17,15,18,14],[15,11,16,10],[11,17,12,16],[5,12,6,13],[3,21,4,20]]","[[1,5,2,4],[19,3,20,2],[7,18,8,19],[9,22,10,1],[21,8,22,9],[13,6,14,7],[15,18,14,17],[15,11,16,10],[11,17,12,16],[5,12,6,13],[3,21,4,20]]"
8,7,8,J1,"[-6,2,-1,2,-4,5,-4,5,-3,2,-1]","[[1,5,2,4],[19,3,20,2],[7,18,8,19],[9,22,10,1],[21,8,22,9],[13,6,14,7],[17,15,18,14],[15,11,16,10],[11,17,12,16],[5,12,6,13],[3,21,4,20]]","[[1,5,2,4],[19,3,20,2],[7,18,8,19],[9,22,10,1],[21,8,22,9],[13,6,14,7],[17,15,18,14],[11,16,10,15],[11,17,12,16],[5,12,6,13],[3,21,4,20]]"
8,8,9,J1,"[-6,2,-1,2,-4,5,-4,5,-3,2,-1]","[[1,5,2,4],[19,3,20,2],[7,18,8,19],[9,22,10,1],[21,8,22,9],[13,6,14,7],[17,15,18,14],[15,11,16,10],[11,17,12,16],[5,12,6,13],[3,21,4,20]]","[[1,5,2,4],[19,3,20,2],[7,18,8,19],[9,22,10,1],[21,8,22,9],[13,6,14,7],[17,15,18,14],[15,11,16,10],[17,12,16,11],[5,12,6,13],[3,21,4,20]]"
8,9,10,J2,"[-2,7,-1,2,-3,6,-6,7,-6,4,-3,1]","[[1,5,2,4],[19,3,20,2],[7,18,8,19],[9,22,10,1],[21,8,22,9],[13,6,14,7],[17,15,18,14],[15,11,16,10],[11,17,12,16],[5,12,6,13],[3,21,4,20]]","[[1,5,2,4],[19,3,20,2],[7,18,8,19],[9,22,10,1],[21,8,22,9],[13,6,14,7],[17,15,18,14],[15,11,16,10],[11,17,12,16],[12,6,13,5],[3,21,4,20]]"
8,10,11,J1,"[-6,2,-1,2,-4,5,-4,5,-3,2,-1]","[[1,5,2,4],[19,3,20,2],[7,18,8,19],[9,22,10,1],[21,8,22,9],[13,6,14,7],[17,15,18,14],[15,11,16,10],[11,17,12,16],[5,12,6,13],[3,21,4,20]]","[[1,5,2,4],[19,3,20,2],[7,18,8,19],[9,22,10,1],[21,8,22,9],[13,6,14,7],[17,15,18,14],[15,11,16,10],[11,17,12,16],[5,12,6,13],[21,4,20,3]]"
9,0,1,J3,"[-5,3,-1,2,-3,4,-4,5,-3,2,-1]","[[1,5,2,4],[19,3,20,2],[7,18,8,19],[9,22,10,1],[21,8,22,9],[15,6,16,7],[13,11,14,10],[17,13,18,12],[11,17,12,16],[5,14,6,15],[3,21,4,20]]","[[5,2,4,1],[19,3,20,2],[7,18,8,19],[9,22,10,1],[21,8,22,9],[15,6,16,7],[13,11,14,10],[17,13,18,12],[11,17,12,16],[5,14,6,15],[3,21,4,20]]"
9,1,2,J1,"[-6,2,-1,2,-4,5,-4,5,-3,2,-1]","[[1,5,2,4],[19,3,20,2],[7,18,8,19],[9,22,10,1],[21,8,22,9],[15,6,16,7],[13,11,14,10],[17,13,18,12],[11,17,12,16],[5,14,6,15],[3,21,4,20]]","[[1,5,2,4],[3,20,2,19],[7,18,8,19],[9,22,10,1],[21,8,22,9],[15,6,16,7],[13,11,14,10],[17,13,18,12],[11,17,12,16],[5,14,6,15],[3,21,4,20]]"
9,2,3,J4,"[-2,6,-1,3,-4,6,-6,6,-5,3,-1]","[[1,5,2,4],[19,3,20,2],[7,18,8,19],[9,22,10,1],[21,8,22,9],[15,6,16,7],[13,11,14,10],[17,13,18,12],[11,17,12,16],[5,14,6,15],[3,21,4,20]]","[[1,5,2,4],[19,3,20,2],[18,8,19,7],[9,22,10,1],[21,8,22,9],[15,6,16,7],[13,11,14,10],[17,13,18,12],[11,17,12,16],[5,14,6,15],[3,21,4,20]]"
9,3,4,J2,"[-2,7,-1,2,-3,6,-6,7,-6,4,-3,1]","[[1,5,2,4],[19,3,20,2],[7,18,8,19],[9,22,10,1],[21,8,22,9],[15,6,16,7],[13,11,14,10],[17,13,18,12],[11,17,12,16],[5,14,6,15],[3,21,4,20]]","[[1,5,2,4],[19,3,20,2],[7,18,8,19],[22,10,1,9],[21,8,22,9],[15,6,16,7],[13,11,14,10],[17,13,18,12],[11,17,12,16],[5,14,6,15],[3,21,4,20]]"
9,4,5,J2,"[-2,7,-1,2,-3,6,-6,7,-6,4,-3,1]","[[1,5,2,4],[19,3,20,2],[7,18,8,19],[9,22,10,1],[21,8,22,9],[15,6,16,7],[13,11,14,10],[17,13,18,12],[11,17,12,16],[5,14,6,15],[3,21,4,20]]","[[1,5,2,4],[19,3,20,2],[7,18,8,19],[9,22,10,1],[8,22,9,21],[15,6,16,7],[13,11,14,10],[17,13,18,12],[11,17,12,16],[5,14,6,15],[3,21,4,20]]"
9,5,6,J2,"[-2,7,-1,2,-3,6,-6,7,-6,4,-3,1]","[[1,5,2,4],[19,3,20,2],[7,18,8,19],[9,22,10,1],[21,8,22,9],[15,6,16,7],[13,11,14,10],[17,13,18,12],[11,17,12,16],[5,14,6,15],[3,21,4,20]]","[[1,5,2,4],[19,3,20,2],[7,18,8,19],[9,22,10,1],[21,8,22,9],[6,16,7,15],[13,11,14,10],[17,13,18,12],[11,17,12,16],[5,14,6,15],[3,21,4,20]]"
9,6,7,J3,"[-5,3,-1,2,-3,4,-4,5,-3,2,-1]","[[1,5,2,4],[19,3,20,2],[7,18,8,19],[9,22,10,1],[21,8,22,9],[15,6,16,7],[13,11,14,10],[17,13,18,12],[11,17,12,16],[5,14,6,15],[3,21,4,20]]","[[1,5,2,4],[19,3,20,2],[7,18,8,19],[9,22,10,1],[21,8,22,9],[15,6,16,7],[11,14,10,13],[17,13,18,12],[11,17,12,16],[5,14,6,15],[3,21,4,20]]"
9,7,8,J1,"[-6,2,-1,2,-4,5,-4,5,-3,2,-1]","[[1,5,2,4],[19,3,20,2],[7,18,8,19],[9,22,10,1],[21,8,22,9],[15,6,16,7],[13,11,14,10],[17,13,18,12],[11,17,12,16],[5,14,6,15],[3,21,4,20]]","[[1,5,2,4],[19,3,20,2],[7,18,8,19],[9,22,10,1],[21,8,22,9],[15,6,16,7],[13,11,14,10],[13,18,12,17],[11,17,12,16],[5,14,6,15],[3,21,4,20]]"
9,8,9,J1,"[-6,2,-1,2,-4,5,-4,5,-3,2,-1]","[[1,5,2,4],[19,3,20,2],[7,18,8,19],[9,22,10,1],[21,8,22,9],[15,6,16,7],[13,11,14,10],[17,13,18,12],[11,17,12,16],[5,14,6,15],[3,21,4,20]]","[[1,5,2,4],[19,3,20,2],[7,18,8,19],[9,22,10,1],[21,8,22,9],[15,6,16,7],[13,11,14,10],[17,13,18,12],[17,12,16,11],[5,14,6,15],[3,21,4,20]]"
9,9,10,J2,"[-2,7,-1,2,-3,6,-6,7,-6,4,-3,1]","[[1,5,2,4],[19,3,20,2],[7,18,8,19],[9,22,10,1],[21,8,22,9],[15,6,16,7],[13,11,14,10],[17,13,18,12],[11,17,12,16],[5,14,6,15],[3,21,4,20]]","[[1,5,2,4],[19,3,20,2],[7,18,8,19],[9,22,10,1],[21,8,22,9],[15,6,16,7],[13,11,14,10],[17,13,18,12],[11,17,12,16],[14,6,15,5],[3,21,4,20]]"
9,10,11,J1,"[-6,2,-1,2,-4,5,-4,5,-3,2,-1]","[[1,5,2,4],[19,3,20,2],[7,18,8,19],[9,22,10,1],[21,8,22,9],[15,6,16,7],[13,11,14,10],[17,13,18,12],[11,17,12,16],[5,14,6,15],[3,21,4,20]]","[[1,5,2,4],[19,3,20,2],[7,18,8,19],[9,22,10,1],[21,8,22,9],[15,6,16,7],[13,11,14,10],[17,13,18,12],[11,17,12,16],[5,14,6,15],[21,4,20,3]]"
10,0,1,J3,"[-5,3,-1,2,-3,4,-4,5,-3,2,-1]","[[1,5,2,4],[19,3,20,2],[5,16,6,17],[15,22,16,1],[21,14,22,15],[9,18,10,19],[13,11,14,10],[11,7,12,6],[7,13,8,12],[17,8,18,9],[3,21,4,20]]","[[5,2,4,1],[19,3,20,2],[5,16,6,17],[15,22,16,1],[21,14,22,15],[9,18,10,19],[13,11,14,10],[11,7,12,6],[7,13,8,12],[17,8,18,9],[3,21,4,20]]"
10,1,2,J1,"[-6,2,-1,2,-4,5,-4,5,-3,2,-1]","[[1,5,2,4],[19,3,20,2],[5,16,6,17],[15,22,16,1],[21,14,22,15],[9,18,10,19],[13,11,14,10],[11,7,12,6],[7,13,8,12],[17,8,18,9],[3,21,4,20]]","[[1,5,2,4],[3,20,2,19],[5,16,6,17],[15,22,16,1],[21,14,22,15],[9,18,10,19],[13,11,14,10],[11,7,12,6],[7,13,8,12],[17,8,18,9],[3,21,4,20]]"
10,2,3,J4,"[-2,6,-1,3,-4,6,-6,6,-5,3,-1]","[[1,5,2,4],[19,3,20,2],[5,16,6,17],[15,22,16,1],[21,14,22,15],[9,18,10,19],[13,11,14,10],[11,7,12,6],[7,13,8,12],[17,8,18,9],[3,21,4,20]]","[[1,5,2,4],[19,3,20,2],[16,6,17,5],[15,22,16,1],[21,14,22,15],[9,18,10,19],[13,11,14,10],[11,7,12,6],[7,13,8,12],[17,8,18,9],[3,21,4,20]]"
10,3,4,J2,"[-2,7,-1,2,-3,6,-6,7,-6,4,-3,1]","[[1,5,2,4],[19,3,20,2],[5,16,6,17],[15,22,16,1],[21,14,22,15],[9,18,10,19],[13,11,14,10],[11,7,12,6],[7,13,8,12],[17,8,18,9],[3,21,4,20]]","[[1,5,2,4],[19,3,20,2],[5,16,6,17],[22,16,1,15],[21,14,22,15],[9,18,10,19],[13,11,14,10],[11,7,12,6],[7,13,8,12],[17,8,18,9],[3,21,4,20]]"
10,4,5,J2,"[-2,7,-1,2,-3,6,-6,7,-6,4,-3,1]","[[1,5,2,4],[19,3,20,2],[5,16,6,17],[15,22,16,1],[21,14,22,15],[9,18,10,19],[13,11,14,10],[11,7,12,6],[7,13,8,12],[17,8,18,9],[3,21,4,20]]","[[1,5,2,4],[19,3,20,2],[5,16,6,17],[15,22,16,1],[14,22,15,21],[9,18,10,19],[13,11,14,10],[11,7,12,6],[7,13,8,12],[17,8,18,9],[3,21,4,20]]"
10,5,6,J2,"[-2,7,-1,2,-3,6,-6,7,-6,4,-3,1]","[[1,5,2,4],[19,3,20,2],[5,16,6,17],[15,22,16,1],[21,14,22,15],[9,18,10,19],[13,11,14,10],[11,7,12,6],[7,13,8,12],[17,8,18,9],[3,21,4,20]]","[[1,5,2,4],[19,3,20,2],[5,16,6,17],[15,22,16,1],[21,14,22,15],[18,10,19,9],[13,11,14,10],[11,7,12,6],[7,13,8,12],[17,8,18,9],[3,21,4,20]]"
10,6,7,J3,"[-5,3,-1,2,-3,4,-4,5,-3,2,-1]","[[1,5,2,4],[19,3,20,2],[5,16,6,17],[15,22,16,1],[21,14,22,15],[9,18,10,19],[13,11,14,10],[11,7,12,6],[7,13,8,12],[17,8,18,9],[3,21,4,20]]","[[1,5,2,4],[19,3,20,2],[5,16,6,17],[15,22,16,1],[21,14,22,15],[9,18,10,19],[11,14,10,13],[11,7,12,6],[7,13,8,12],[17,8,18,9],[3,21,4,20]]"
10,7,8,J1,"[-6,2,-1,2,-4,5,-4,5,-3,2,-1]","[[1,5,2,4],[19,3,20,2],[5,16,6,17],[15,22,16,1],[21,14,22,15],[9,18,10,19],[13,11,14,10],[11,7,12,6],[7,13,8,12],[17,8,18,9],[3,21,4,20]]","[[1,5,2,4],[19,3,20,2],[5,16,6,17],[15,22,16,1],[21,14,22,15],[9,18,10,19],[13,11,14,10],[7,12,6,11],[7,13,8,12],[17,8,18,9],[3,21,4,20]]"
10,8,9,J1,"[-6,2,-1,2,-4,5,-4,5,-3,2,-1]","[[1,5,2,4],[19,3,20,2],[5,16,6,17],[15,22,16,1],[21,14,22,15],[9,18,10,19],[13,11,14,10],[11,7,12,6],[7,13,8,12],[17,8,18,9],[3,21,4,20]]","[[1,5,2,4],[19,3,20,2],[5,16,6,17],[15,22,16,1],[21,14,22,15],[9,18,10,19],[13,11,14,10],[11,7,12,6],[13,8,12,7],[17,8,18,9],[3,21,4,20]]"
10,9,10,J2,"[-2,7,-1,2,-3,6,-6,7,-6,4,-3,1]","[[1,5,2,4],[19,3,20,2],[5,16,6,17],[15,22,16,1],[21,14,22,15],[9,18,10,19],[13,11,14,10],[11,7,12,6],[7,13,8,12],[17,8,18,9],[3,21,4,20]]","[[1,5,2,4],[19,3,20,2],[5,16,6,17],[15,22,16,1],[21,14,22,15],[9,18,10,19],[13,11,14,10],[11,7,12,6],[7,13,8,12],[8,18,9,17],[3,21,4,20]]"
10,10,11,J1,"[-6,2,-1,2,-4,5,-4,5,-3,2,-1]","[[1,5,2,4],[19,3,20,2],[5,16,6,17],[15,22,16,1],[21,14,22,15],[9,18,10,19],[13,11,14,10],[11,7,12,6],[7,13,8,12],[17,8,18,9],[3,21,4,20]]","[[1,5,2,4],[19,3,20,2],[5,16,6,17],[15,22,16,1],[21,14,22,15],[9,18,10,19],[13,11,14,10],[11,7,12,6],[7,13,8,12],[17,8,18,9],[21,4,20,3]]"
11,0,1,J3,"[-5,3,-1,2,-3,4,-4,5,-3,2,-1]","[[1,5,2,4],[19,3,20,2],[5,16,6,17],[15,22,16,1],[21,14,22,15],[11,18,12,19],[9,7,10,6],[13,9,14,8],[7,13,8,12],[17,10,18,11],[3,21,4,20]]","[[5,2,4,1],[19,3,20,2],[5,16,6,17],[15,22,16,1],[21,14,22,15],[11,18,12,19],[9,7,10,6],[13,9,14,8],[7,13,8,12],[17,10,18,11],[3,21,4,20]]"
11,1,2,J1,"[-6,2,-1,2,-4,5,-4,5,-3,2,-1]","[[1,5,2,4],[19,3,20,2],[5,16,6,17],[15,22,16,1],[21,14,22,15],[11,18,12,19],[9,7,10,6],[13,9,14,8],[7,13,8,12],[17,10,18,11],[3,21,4,20]]","[[1,5,2,4],[3,20,2,19],[5,16,6,17],[15,22,16,1],[21,14,22,15],[11,18,12,19],[9,7,10,6],[13,9,14,8],[7,13,8,12],[17,10,18,11],[3,21,4,20]]"
11,2,3,J4,"[-2,6,-1,3,-4,6,-6,6,-5,3,-1]","[[1,5,2,4],[19,3,20,2],[5,16,6,17],[15,22,16,1],[21,14,22,15],[11,18,12,19],[9,7,10,6],[13,9,14,8],[7,13,8,12],[17,10,18,11],[3,21,4,20]]","[[1,5,2,4],[19,3,20,2],[16,6,17,5],[15,22,16,1],[21,14,22,15],[11,18,12,19],[9,7,10,6],[13,9,14,8],[7,13,8,12],[17,10,18,11],[3,21,4,20]]"
11,3,4,J2,"[-2,7,-1,2,-3,6,-6,7,-6,4,-3,1]","[[1,5,2,4],[19,3,20,2],[5,16,6,17],[15,22,16,1],[21,14,22,15],[11,18,12,19],[9,7,10,6],[13,9,14,8],[7,13,8,12],[17,10,18,11],[3,21,4,20]]","[[1,5,2,4],[19,3,20,2],[5,16,6,17],[22,16,1,15],[21,14,22,15],[11,18,12,19],[9,7,10,6],[13,9,14,8],[7,13,8,12],[17,10,18,11],[3,21,4,20]]"
11,4,5,J2,"[-2,7,-1,2,-3,6,-6,7,-6,4,-3,1]","[[1,5,2,4],[19,3,20,2],[5,16,6,17],[15,22,16,1],[21,14,22,15],[11,18,12,19],[9,7,10,6],[13,9,14,8],[7,13,8,12],[17,10,18,11],[3,21,4,20]]","[[1,5,2,4],[19,3,20,2],[5,16,6,17],[15,22,16,1],[14,22,15,21],[11,18,12,19],[9,7,10,6],[13,9,14,8],[7,13,8,12],[17,10,18,11],[3,21,4,20]]"
11,5,6,J2,"[-2,7,-1,2,-3,6,-6,7,-6,4,-3,1]","[[1,5,2,4],[19,3,20,2],[5,16,6,17],[15,22,16,1],[21,14,22,15],[11,18,12,19],[9,7,10,6],[13,9,14,8],[7,13,8,12],[17,10,18,11],[3,21,4,20]]","[[1,5,2,4],[19,3,20,2],[5,16,6,17],[15,22,16,1],[21,14,22,15],[18,12,19,11],[9,7,10,6],[13,9,14,8],[7,13,8,12],[17,10,18,11],[3,21,4,20]]"
11,6,7,J3,"[-5,3,-1,2,-3,4,-4,5,-3,2,-1]","[[1,5,2,4],[19,3,20,2],[5,16,6,17],[15,22,16,1],[21,14,22,15],[11,18,12,19],[9,7,10,6],[13,9,14,8],[7,13,8,12],[17,10,18,11],[3,21,4,20]]","[[1,5,2,4],[19,3,20,2],[5,16,6,17],[15,22,16,1],[21,14,22,15],[11,18,12,19],[7,10,6,9],[13,9,14,8],[7,13,8,12],[17,10,18,11],[3,21,4,20]]"
11,7,8,J1,"[-6,2,-1,2,-4,5,-4,5,-3,2,-1]","[[1,5,2,4],[19,3,20,2],[5,16,6,17],[15,22,16,1],[21,14,22,15],[11,18,12,19],[9,7,10,6],[13,9,14,8],[7,13,8,12],[17,10,18,11],[3,21,4,20]]","[[1,5,2,4],[19,3,20,2],[5,16,6,17],[15,22,16,1],[21,14,22,15],[11,18,12,19],[9,7,10,6],[9,14,8,13],[7,13,8,12],[17,10,18,11],[3,21,4,20]]"
11,8,9,J1,"[-6,2,-1,2,-4,5,-4,5,-3,2,-1]","[[1,5,2,4],[19,3,20,2],[5,16,6,17],[15,22,16,1],[21,14,22,15],[11,18,12,19],[9,7,10,6],[13,9,14,8],[7,13,8,12],[17,10,18,11],[3,21,4,20]]","[[1,5,2,4],[19,3,20,2],[5,16,6,17],[15,22,16,1],[21,14,22,15],[11,18,12,19],[9,7,10,6],[13,9,14,8],[13,8,12,7],[17,10,18,11],[3,21,4,20]]"
11,9,10,J2,"[-2,7,-1,2,-3,6,-6,7,-6,4,-3,1]","[[1,5,2,4],[19,3,20,2],[5,16,6,17],[15,22,16,1],[21,14,22,15],[11,18,12,19],[9,7,10,6],[13,9,14,8],[7,13,8,12],[17,10,18,11],[3,21,4,20]]","[[1,5,2,4],[19,3,20,2],[5,16,6,17],[15,22,16,1],[21,14,22,15],[11,18,12,19],[9,7,10,6],[13,9,14,8],[7,13,8,12],[10,18,11,17],[3,21,4,20]]"
11,10,11,J1,"[-6,2,-1,2,-4,5,-4,5,-3,2,-1]","[[1,5,2,4],[19,3,20,2],[5,16,6,17],[15,22,16,1],[21,14,22,15],[11,18,12,19],[9,7,10,6],[13,9,14,8],[7,13,8,12],[17,10,18,11],[3,21,4,20]]","[[1,5,2,4],[19,3,20,2],[5,16,6,17],[15,22,16,1],[21,14,22,15],[11,18,12,19],[9,7,10,6],[13,9,14,8],[7,13,8,12],[17,10,18,11],[21,4,20,3]]"
12,0,1,J3,"[-5,3,-1,2,-3,4,-4,5,-3,2,-1]","[[22,4,1,3],[2,8,3,7],[10,21,11,22],[12,5,13,6],[4,11,5,12],[16,9,17,10],[20,18,21,17],[18,14,19,13],[14,20,15,19],[8,15,9,16],[6,2,7,1]]","[[4,1,3,22],[2,8,3,7],[10,21,11,22],[12,5,13,6],[4,11,5,12],[16,9,17,10],[20,18,21,17],[18,14,19,13],[14,20,15,19],[8,15,9,16],[6,2,7,1]]"
12,1,2,J1,"[-6,2,-1,2,-4,5,-4,5,-3,2,-1]","[[22,4,1,3],[2,8,3,7],[10,21,11,22],[12,5,13,6],[4,11,5,12],[16,9,17,10],[20,18,21,17],[18,14,19,13],[14,20,15,19],[8,15,9,16],[6,2,7,1]]","[[22,4,1,3],[8,3,7,2],[10,21,11,22],[12,5,13,6],[4,11,5,12],[16,9,17,10],[20,18,21,17],[18,14,19,13],[14,20,15,19],[8,15,9,16],[6,2,7,1]]"
12,2,3,J4,"[-2,6,-1,3,-4,6,-6,6,-5,3,-1]","[[22,4,1,3],[2,8,3,7],[10,21,11,22],[12,5,13,6],[4,11,5,12],[16,9,17,10],[20,18,21,17],[18,14,19,13],[14,20,15,19],[8,15,9,16],[6,2,7,1]]","[[22,4,1,3],[2,8,3,7],[21,11,22,10],[12,5,13,6],[4,11,5,12],[16,9,17,10],[20,18,21,17],[18,14,19,13],[14,20,15,19],[8,15,9,16],[6,2,7,1]]"
12,3,4,J2,"[-2,7,-1,2,-3,6,-6,7,-6,4,-3,1]","[[22,4,1,3],[2,8,3,7],[10,21,11,22],[12,5,13,6],[4,11,5,12],[16,9,17,10],[20,18,21,17],[18,14,19,13],[14,20,15,19],[8,15,9,16],[6,2,7,1]]","[[22,4,1,3],[2,8,3,7],[10,21,11,22],[5,13,6,12],[4,11,5,12],[16,9,17,10],[20,18,21,17],[18,14,19,13],[14,20,15,19],[8,15,9,16],[6,2,7,1]]"
12,4,5,J2,"[-2,7,-1,2,-3,6,-6,7,-6,4,-3,1]","[[22,4,1,3],[2,8,3,7],[10,21,11,22],[12,5,13,6],[4,11,5,12],[16,9,17,10],[20,18,21,17],[18,14,19,13],[14,20,15,19],[8,15,9,16],[6,2,7,1]]","[[22,4,1,3],[2,8,3,7],[10,21,11,22],[12,5,13,6],[11,5,12,4],[16,9,17,10],[20,18,21,17],[18,14,19,13],[14,20,15,19],[8,15,9,16],[6,2,7,1]]"
12,5,6,J2,"[-2,7,-1,2,-3,6,-6,7,-6,4,-3,1]","[[22,4,1,3],[2,8,3,7],[10,21,11,22],[12,5,13,6],[4,11,5,12],[16,9,17,10],[20,18,21,17],[18,14,19,13],[14,20,15,19],[8,15,9,16],[6,2,7,1]]","[[22,4,1,3],[2,8,3,7],[10,21,11,22],[12,5,13,6],[4,11,5,12],[9,17,10,16],[20,18,21,17],[18,14,19,13],[14,20,15,19],[8,15,9,16],[6,2,7,1]]"
12,6,7,J3,"[-5,3,-1,2,-3,4,-4,5,-3,2,-1]","[[22,4,1,3],[2,8,3,7],[10,21,11,22],[12,5,13,6],[4,11,5,12],[16,9,17,10],[20,18,21,17],[18,14,19,13],[14,20,15,19],[8,15,9,16],[6,2,7,1]]","[[22,4,1,3],[2,8,3,7],[10,21,11,22],[12,5,13,6],[4,11,5,12],[16,9,17,10],[18,21,17,20],[18,14,19,13],[14,20,15,19],[8,15,9,16],[6,2,7,1]]"
12,7,8,J1,"[-6,2,-1,2,-4,5,-4,5,-3,2,-1]","[[22,4,1,3],[2,8,3,7],[10,21,11,22],[12,5,13,6],[4,11,5,12],[16,9,17,10],[20,18,21,17],[18,14,19,13],[14,20,15,19],[8,15,9,16],[6,2,7,1]]","[[22,4,1,3],[2,8,3,7],[10,21,11,22],[12,5,13,6],[4,11,5,12],[16,9,17,10],[20,18,21,17],[14,19,13,18],[14,20,15,19],[8,15,9,16],[6,2,7,1]]"
12,8,9,J1,"[-6,2,-1,2,-4,5,-4,5,-3,2,-1]","[[22,4,1,3],[2,8,3,7],[10,21,11,22],[12,5,13,6],[4,11,5,12],[16,9,17,10],[20,18,21,17],[18,14,19,13],[14,20,15,19],[8,15,9,16],[6,2,7,1]]","[[22,4,1,3],[2,8,3,7],[10,21,11,22],[12,5,13,6],[4,11,5,12],[16,9,17,10],[20,18,21,17],[18,14,19,13],[20,15,19,14],[8,15,9,16],[6,2,7,1]]"
12,9,10,J2,"[-2,7,-1,2,-3,6,-6,7,-6,4,-3,1]","[[22,4,1,3],[2,8,3,7],[10,21,11,22],[12,5,13,6],[4,11,5,12],[16,9,17,10],[20,18,21,17],[18,14,19,13],[14,20,15,19],[8,15,9,16],[6,2,7,1]]","[[22,4,1,3],[2,8,3,7],[10,21,11,22],[12,5,13,6],[4,11,5,12],[16,9,17,10],[20,18,21,17],[18,14,19,13],[14,20,15,19],[15,9,16,8],[6,2,7,1]]"
12,10,11,J1,"[-6,2,-1,2,-4,5,-4,5,-3,2,-1]","[[22,4,1,3],[2,8,3,7],[10,21,11,22],[12,5,13,6],[4,11,5,12],[16,9,17,10],[20,18,21,17],[18,14,19,13],[14,20,15,19],[8,15,9,16],[6,2,7,1]]","[[22,4,1,3],[2,8,3,7],[10,21,11,22],[12,5,13,6],[4,11,5,12],[16,9,17,10],[20,18,21,17],[18,14,19,13],[14,20,15,19],[8,15,9,16],[2,7,1,6]]"
13,0,1,J3,"[-5,3,-1,2,-3,4,-4,5,-3,2,-1]","[[22,4,1,3],[2,8,3,7],[10,21,11,22],[12,5,13,6],[4,11,5,12],[18,9,19,10],[16,14,17,13],[20,16,21,15],[14,20,15,19],[8,17,9,18],[6,2,7,1]]","[[4,1,3,22],[2,8,3,7],[10,21,11,22],[12,5,13,6],[4,11,5,12],[18,9,19,10],[16,14,17,13],[20,16,21,15],[14,20,15,19],[8,17,9,18],[6,2,7,1]]"
13,1,2,J1,"[-6,2,-1,2,-4,5,-4,5,-3,2,-1]","[[22,4,1,3],[2,8,3,7],[10,21,11,22],[12,5,13,6],[4,11,5,12],[18,9,19,10],[16,14,17,13],[20,16,21,15],[14,20,15,19],[8,17,9,18],[6,2,7,1]]","[[22,4,1,3],[8,3,7,2],[10,21,11,22],[12,5,13,6],[4,11,5,12],[18,9,19,10],[16,14,17,13],[20,16,21,15],[14,20,15,19],[8,17,9,18],[6,2,7,1]]"
13,2,3,J4,"[-2,6,-1,3,-4,6,-6,6,-5,3,-1]","[[22,4,1,3],[2,8,3,7],[10,21,11,22],[12,5,13,6],[4,11,5,12],[18,9,19,10],[16,14,17,13],[20,16,21,15],[14,20,15,19],[8,17,9,18],[6,2,7,1]]","[[22,4,1,3],[2,8,3,7],[21,11,22,10],[12,5,13,6],[4,11,5,12],[18,9,19,10],[16,14,17,13],[20,16,21,15],[14,20,15,19],[8,17,9,18],[6,2,7,1]]"
13,3,4,J2,"[-2,7,-1,2,-3,6,-6,7,-6,4,-3,1]","[[22,4,1,3],[2,8,3,7],[10,21,11,22],[12,5,13,6],[4,11,5,12],[18,9,19,10],[16,14,17,13],[20,16,21,15],[14,20,15,19],[8,17,9,18],[6,2,7,1]]","[[22,4,1,3],[2,8,3,7],[10,21,11,22],[5,13,6,12],[4,11,5,12],[18,9,19,10],[16,14,17,13],[20,16,21,15],[14,20,15,19],[8,17,9,18],[6,2,7,1]]"
13,4,5,J2,"[-2,7,-1,2,-3,6,-6,7,-6,4,-3,1]","[[22,4,1,3],[2,8,3,7],[10,21,11,22],[12,5,13,6],[4,11,5,12],[18,9,19,10],[16,14,17,13],[20,16,21,15],[14,20,15,19],[8,17,9,18],[6,2,7,1]]","[[22,4,1,3],[2,8,3,7],[10,21,11,22],[12,5,13,6],[11,5,12,4],[18,9,19,10],[16,14,17,13],[20,16,21,15],[14,20,15,19],[8,17,9,18],[6,2,7,1]]"
13,5,6,J2,"[-2,7,-1,2,-3,6,-6,7,-6,4,-3,1]","[[22,4,1,3],[2,8,3,7],[10,21,11,22],[12,5,13,6],[4,11,5,12],[18,9,19,10],[16,14,17,13],[20,16,21,15],[14,20,15,19],[8,17,9,18],[6,2,7,1]]","[[22,4,1,3],[2,8,3,7],[10,21,11,22],[12,5,13,6],[4,11,5,12],[9,19,10,18],[16,14,17,13],[20,16,21,15],[14,20,15,19],[8,17,9,18],[6,2,7,1]]"
13,6,7,J3,"[-5,3,-1,2,-3,4,-4,5,-3,2,-1]","[[22,4,1,3],[2,8,3,7],[10,21,11,22],[12,5,13,6],[4,11,5,12],[18,9,19,10],[16,14,17,13],[20,16,21,15],[14,20,15,19],[8,17,9,18],[6,2,7,1]]","[[22,4,1,3],[2,8,3,7],[10,21,11,22],[12,5,13,6],[4,11,5,12],[18,9,19,10],[14,17,13,16],[20,16,21,15],[14,20,15,19],[8,17,9,18],[6,2,7,1]]"
13,7,8,J1,"[-6,2,-1,2,-4,5,-4,5,-3,2,-1]","[[22,4,1,3],[2,8,3,7],[10,21,11,22],[12,5,13,6],[4,11,5,12],[18,9,19,10],[16,14,17,13],[20,16,21,15],[14,20,15,19],[8,17,9,18],[6,2,7,1]]","[[22,4,1,3],[2,8,3,7],[10,21,11,22],[12,5,13,6],[4,11,5,12],[18,9,19,10],[16,14,17,13],[16,21,15,20],[14,20,15,19],[8,17,9,18],[6,2,7,1]]"
13,8,9,J1,"[-6,2,-1,2,-4,5,-4,5,-3,2,-1]","[[22,4,1,3],[2,8,3,7],[10,21,11,22],[12,5,13,6],[4,11,5,12],[18,9,19,10],[16,14,17,13],[20,16,21,15],[14,20,15,19],[8,17,9,18],[6,2,7,1]]","[[22,4,1,3],[2,8,3,7],[10,21,11,22],[12,5,13,6],[4,11,5,12],[18,9,19,10],[16,14,17,13],[20,16,21,15],[20,15,19,14],[8,17,9,18],[6,2,7,1]]"
13,9,10,J2,"[-2,7,-1,2,-3,6,-6,7,-6,4,-3,1]","[[22,4,1,3],[2,8,3,7],[10,21,11,22],[12,5,13,6],[4,11,5,12],[18,9,19,10],[16,14,17,13],[20,16,21,15],[14,20,15,19],[8,17,9,18],[6,2,7,1]]","[[22,4,1,3],[2,8,3,7],[10,21,11,22],[12,5,13,6],[4,11,5,12],[18,9,19,10],[16,14,17,13],[20,16,21,15],[14,20,15,19],[17,9,18,8],[6,2,7,1]]"
13,10,11,J1,"[-6,2,-1,2,-4,5,-4,5,-3,2,-1]","[[22,4,1,3],[2,8,3,7],[10,21,11,22],[12,5,13,6],[4,11,5,12],[18,9,19,10],[16,14,17,13],[20,16,21,15],[14,20,15,19],[8,17,9,18],[6,2,7,1]]","[[22,4,1,3],[2,8,3,7],[10,21,11,22],[12,5,13,6],[4,11,5,12],[18,9,19,10],[16,14,17,13],[20,16,21,15],[14,20,15,19],[8,17,9,18],[2,7,1,6]]"
14,0,1,J3,"[-5,3,-1,2,-3,4,-4,5,-3,2,-1]","[[22,4,1,3],[2,8,3,7],[8,19,9,20],[18,5,19,6],[4,17,5,18],[12,21,13,22],[16,14,17,13],[14,10,15,9],[10,16,11,15],[20,11,21,12],[6,2,7,1]]","[[4,1,3,22],[2,8,3,7],[8,19,9,20],[18,5,19,6],[4,17,5,18],[12,21,13,22],[16,14,17,13],[14,10,15,9],[10,16,11,15],[20,11,21,12],[6,2,7,1]]"
14,1,2,J1,"[-6,2,-1,2,-4,5,-4,5,-3,2,-1]","[[22,4,1,3],[2,8,3,7],[8,19,9,20],[18,5,19,6],[4,17,5,18],[12,21,13,22],[16,14,17,13],[14,10,15,9],[10,16,11,15],[20,11,21,12],[6,2,7,1]]","[[22,4,1,3],[8,3,7,2],[8,19,9,20],[18,5,19,6],[4,17,5,18],[12,21,13,22],[16,14,17,13],[14,10,15,9],[10,16,11,15],[20,11,21,12],[6,2,7,1]]"
14,2,3,J4,"[-2,6,-1,3,-4,6,-6,6,-5,3,-1]","[[22,4,1,3],[2,8,3,7],[8,19,9,20],[18,5,19,6],[4,17,5,18],[12,21,13,22],[16,14,17,13],[14,10,15,9],[10,16,11,15],[20,11,21,12],[6,2,7,1]]","[[22,4,1,3],[2,8,3,7],[19,9,20,8],[18,5,19,6],[4,17,5,18],[12,21,13,22],[16,14,17,13],[14,10,15,9],[10,16,11,15],[20,11,21,12],[6,2,7,1]]"
14,3,4,J2,"[-2,7,-1,2,-3,6,-6,7,-6,4,-3,1]","[[22,4,1,3],[2,8,3,7],[8,19,9,20],[18,5,19,6],[4,17,5,18],[12,21,13,22],[16,14,17,13],[14,10,15,9],[10,16,11,15],[20,11,21,12],[6,2,7,1]]","[[22,4,1,3],[2,8,3,7],[8,19,9,20],[5,19,6,18],[4,17,5,18],[12,21,13,22],[16,14,17,13],[14,10,15,9],[10,16,11,15],[20,11,21,12],[6,2,7,1]]"
14,4,5,J2,"[-2,7,-1,2,-3,6,-6,7,-6,4,-3,1]","[[22,4,1,3],[2,8,3,7],[8,19,9,20],[18,5,19,6],[4,17,5,18],[12,21,13,22],[16,14,17,13],[14,10,15,9],[10,16,11,15],[20,11,21,12],[6,2,7,1]]","[[22,4,1,3],[2,8,3,7],[8,19,9,20],[18,5,19,6],[17,5,18,4],[12,21,13,22],[16,14,17,13],[14,10,15,9],[10,16,11,15],[20,11,21,12],[6,2,7,1]]"
14,5,6,J2,"[-2,7,-1,2,-3,6,-6,7,-6,4,-3,1]","[[22,4,1,3],[2,8,3,7],[8,19,9,20],[18,5,19,6],[4,17,5,18],[12,21,13,22],[16,14,17,13],[14,10,15,9],[10,16,11,15],[20,11,21,12],[6,2,7,1]]","[[22,4,1,3],[2,8,3,7],[8,19,9,20],[18,5,19,6],[4,17,5,18],[21,13,22,12],[16,14,17,13],[14,10,15,9],[10,16,11,15],[20,11,21,12],[6,2,7,1]]"
14,6,7,J3,"[-5,3,-1,2,-3,4,-4,5,-3,2,-1]","[[22,4,1,3],[2,8,3,7],[8,19,9,20],[18,5,19,6],[4,17,5,18],[12,21,13,22],[16,14,17,13],[14,10,15,9],[10,16,11,15],[20,11,21,12],[6,2,7,1]]","[[22,4,1,3],[2,8,3,7],[8,19,9,20],[18,5,19,6],[4,17,5,18],[12,21,13,22],[14,17,13,16],[14,10,15,9],[10,16,11,15],[20,11,21,12],[6,2,7,1]]"
14,7,8,J1,"[-6,2,-1,2,-4,5,-4,5,-3,2,-1]","[[22,4,1,3],[2,8,3,7],[8,19,9,20],[18,5,19,6],[4,17,5,18],[12,21,13,22],[16,14,17,13],[14,10,15,9],[10,16,11,15],[20,11,21,12],[6,2,7,1]]","[[22,4,1,3],[2,8,3,7],[8,19,9,20],[18,5,19,6],[4,17,5,18],[12,21,13,22],[16,14,17,13],[10,15,9,14],[10,16,11,15],[20,11,21,12],[6,2,7,1]]"
14,8,9,J1,"[-6,2,-1,2,-4,5,-4,5,-3,2,-1]","[[22,4,1,3],[2,8,3,7],[8,19,9,20],[18,5,19,6],[4,17,5,18],[12,21,13,22],[16,14,17,13],[14,10,15,9],[10,16,11,15],[20,11,21,12],[6,2,7,1]]","[[22,4,1,3],[2,8,3,7],[8,19,9,20],[18,5,19,6],[4,17,5,18],[12,21,13,22],[16,14,17,13],[14,10,15,9],[16,11,15,10],[20,11,21,12],[6,2,7,1]]"
14,9,10,J2,"[-2,7,-1,2,-3,6,-6,7,-6,4,-3,1]","[[22,4,1,3],[2,8,3,7],[8,19,9,20],[18,5,19,6],[4,17,5,18],[12,21,13,22],[16,14,17,13],[14,10,15,9],[10,16,11,15],[20,11,21,12],[6,2,7,1]]","[[22,4,1,3],[2,8,3,7],[8,19,9,20],[18,5,19,6],[4,17,5,18],[12,21,13,22],[16,14,17,13],[14,10,15,9],[10,16,11,15],[11,21,12,20],[6,2,7,1]]"
14,10,11,J1,"[-6,2,-1,2,-4,5,-4,5,-3,2,-1]","[[22,4,1,3],[2,8,3,7],[8,19,9,20],[18,5,19,6],[4,17,5,18],[12,21,13,22],[16,14,17,13],[14,10,15,9],[10,16,11,15],[20,11,21,12],[6,2,7,1]]","[[22,4,1,3],[2,8,3,7],[8,19,9,20],[18,5,19,6],[4,17,5,18],[12,21,13,22],[16,14,17,13],[14,10,15,9],[10,16,11,15],[20,11,21,12],[2,7,1,6]]"
15,0,1,J3,"[-5,3,-1,2,-3,4,-4,5,-3,2,-1]","[[22,4,1,3],[2,8,3,7],[8,19,9,20],[18,5,19,6],[4,17,5,18],[14,21,15,22],[12,10,13,9],[16,12,17,11],[10,16,11,15],[20,13,21,14],[6,2,7,1]]","[[4,1,3,22],[2,8,3,7],[8,19,9,20],[18,5,19,6],[4,17,5,18],[14,21,15,22],[12,10,13,9],[16,12,17,11],[10,16,11,15],[20,13,21,14],[6,2,7,1]]"
15,1,2,J1,"[-6,2,-1,2,-4,5,-4,5,-3,2,-1]","[[22,4,1,3],[2,8,3,7],[8,19,9,20],[18,5,19,6],[4,17,5,18],[14,21,15,22],[12,10,13,9],[16,12,17,11],[10,16,11,15],[20,13,21,14],[6,2,7,1]]","[[22,4,1,3],[8,3,7,2],[8,19,9,20],[18,5,19,6],[4,17,5,18],[14,21,15,22],[12,10,13,9],[16,12,17,11],[10,16,11,15],[20,13,21,14],[6,2,7,1]]"
15,2,3,J4,"[-2,6,-1,3,-4,6,-6,6,-5,3,-1]","[[22,4,1,3],[2,8,3,7],[8,19,9,20],[18,5,19,6],[4,17,5,18],[14,21,15,22],[12,10,13,9],[16,12,17,11],[10,16,11,15],[20,13,21,14],[6,2,7,1]]","[[22,4,1,3],[2,8,3,7],[19,9,20,8],[18,5,19,6],[4,17,5,18],[14,21,15,22],[12,10,13,9],[16,12,17,11],[10,16,11,15],[20,13,21,14],[6,2,7,1]]"
15,3,4,J2,"[-2,7,-1,2,-3,6,-6,7,-6,4,-3,1]","[[22,4,1,3],[2,8,3,7],[8,19,9,20],[18,5,19,6],[4,17,5,18],[14,21,15,22],[12,10,13,9],[16,12,17,11],[10,16,11,15],[20,13,21,14],[6,2,7,1]]","[[22,4,1,3],[2,8,3,7],[8,19,9,20],[5,19,6,18],[4,17,5,18],[14,21,15,22],[12,10,13,9],[16,12,17,11],[10,16,11,15],[20,13,21,14],[6,2,7,1]]"
15,4,5,J2,"[-2,7,-1,2,-3,6,-6,7,-6,4,-3,1]","[[22,4,1,3],[2,8,3,7],[8,19,9,20],[18,5,19,6],[4,17,5,18],[14,21,15,22],[12,10,13,9],[16,12,17,11],[10,16,11,15],[20,13,21,14],[6,2,7,1]]","[[22,4,1,3],[2,8,3,7],[8,19,9,20],[18,5,19,6],[17,5,18,4],[14,21,15,22],[12,10,13,9],[16,12,17,11],[10,16,11,15],[20,13,21,14],[6,2,7,1]]"
15,5,6,J2,"[-2,7,-1,2,-3,6,-6,7,-6,4,-3,1]","[[22,4,1,3],[2,8,3,7],[8,19,9,20],[18,5,19,6],[4,17,5,18],[14,21,15,22],[12,10,13,9],[16,12,17,11],[10,16,11,15],[20,13,21,14],[6,2,7,1]]","[[22,4,1,3],[2,8,3,7],[8,19,9,20],[18,5,19,6],[4,17,5,18],[21,15,22,14],[12,10,13,9],[16,12,17,11],[10,16,11,15],[20,13,21,14],[6,2,7,1]]"
15,6,7,J3,"[-5,3,-1,2,-3,4,-4,5,-3,2,-1]","[[22,4,1,3],[2,8,3,7],[8,19,9,20],[18,5,19,6],[4,17,5,18],[14,21,15,22],[12,10,13,9],[16,12,17,11],[10,16,11,15],[20,13,21,14],[6,2,7,1]]","[[22,4,1,3],[2,8,3,7],[8,19,9,20],[18,5,19,6],[4,17,5,18],[14,21,15,22],[10,13,9,12],[16,12,17,11],[10,16,11,15],[20,13,21,14],[6,2,7,1]]"
15,7,8,J1,"[-6,2,-1,2,-4,5,-4,5,-3,2,-1]","[[22,4,1,3],[2,8,3,7],[8,19,9,20],[18,5,19,6],[4,17,5,18],[14,21,15,22],[12,10,13,9],[16,12,17,11],[10,16,11,15],[20,13,21,14],[6,2,7,1]]","[[22,4,1,3],[2,8,3,7],[8,19,9,20],[18,5,19,6],[4,17,5,18],[14,21,15,22],[12,10,13,9],[12,17,11,16],[10,16,11,15],[20,13,21,14],[6,2,7,1]]"
15,8,9,J1,"[-6,2,-1,2,-4,5,-4,5,-3,2,-1]","[[22,4,1,3],[2,8,3,7],[8,19,9,20],[18,5,19,6],[4,17,5,18],[14,21,15,22],[12,10,13,9],[16,12,17,11],[10,16,11,15],[20,13,21,14],[6,2,7,1]]","[[22,4,1,3],[2,8,3,7],[8,19,9,20],[18,5,19,6],[4,17,5,18],[14,21,15,22],[12,10,13,9],[16,12,17,11],[16,11,15,10],[20,13,21,14],[6,2,7,1]]"
15,9,10,J2,"[-2,7,-1,2,-3,6,-6,7,-6,4,-3,1]","[[22,4,1,3],[2,8,3,7],[8,19,9,20],[18,5,19,6],[4,17,5,18],[14,21,15,22],[12,10,13,9],[16,12,17,11],[10,16,11,15],[20,13,21,14],[6,2,7,1]]","[[22,4,1,3],[2,8,3,7],[8,19,9,20],[18,5,19,6],[4,17,5,18],[14,21,15,22],[12,10,13,9],[16,12,17,11],[10,16,11,15],[13,21,14,20],[6,2,7,1]]"
15,10,11,J1,"[-6,2,-1,2,-4,5,-4,5,-3,2,-1]","[[22,4,1,3],[2,8,3,7],[8,19,9,20],[18,5,19,6],[4,17,5,18],[14,21,15,22],[12,10,13,9],[16,12,17,11],[10,16,11,15],[20,13,21,14],[6,2,7,1]]","[[22,4,1,3],[2,8,3,7],[8,19,9,20],[18,5,19,6],[4,17,5,18],[14,21,15,22],[12,10,13,9],[16,12,17,11],[10,16,11,15],[20,13,21,14],[2,7,1,6]]"
16,0,1,J3,"[-5,3,-1,2,-3,4,-4,5,-3,2,-1]","[[4,2,5,1],[8,4,9,3],[14,9,15,10],[12,5,13,6],[6,13,7,14],[18,11,19,12],[22,20,1,19],[20,16,21,15],[16,22,17,21],[10,17,11,18],[2,8,3,7]]","[[2,5,1,4],[8,4,9,3],[14,9,15,10],[12,5,13,6],[6,13,7,14],[18,11,19,12],[22,20,1,19],[20,16,21,15],[16,22,17,21],[10,17,11,18],[2,8,3,7]]"
16,1,2,J1,"[-6,2,-1,2,-4,5,-4,5,-3,2,-1]","[[4,2,5,1],[8,4,9,3],[14,9,15,10],[12,5,13,6],[6,13,7,14],[18,11,19,12],[22,20,1,19],[20,16,21,15],[16,22,17,21],[10,17,11,18],[2,8,3,7]]","[[4,2,5,1],[4,9,3,8],[14,9,15,10],[12,5,13,6],[6,13,7,14],[18,11,19,12],[22,20,1,19],[20,16,21,15],[16,22,17,21],[10,17,11,18],[2,8,3,7]]"
16,2,3,J4,"[-2,6,-1,3,-4,6,-6,6,-5,3,-1]","[[4,2,5,1],[8,4,9,3],[14,9,15,10],[12,5,13,6],[6,13,7,14],[18,11,19,12],[22,20,1,19],[20,16,21,15],[16,22,17,21],[10,17,11,18],[2,8,3,7]]","[[4,2,5,1],[8,4,9,3],[9,15,10,14],[12,5,13,6],[6,13,7,14],[18,11,19,12],[22,20,1,19],[20,16,21,15],[16,22,17,21],[10,17,11,18],[2,8,3,7]]"
16,3,4,J2,"[-2,7,-1,2,-3,6,-6,7,-6,4,-3,1]","[[4,2,5,1],[8,4,9,3],[14,9,15,10],[12,5,13,6],[6,13,7,14],[18,11,19,12],[22,20,1,19],[20,16,21,15],[16,22,17,21],[10,17,11,18],[2,8,3,7]]","[[4,2,5,1],[8,4,9,3],[14,9,15,10],[5,13,6,12],[6,13,7,14],[18,11,19,12],[22,20,1,19],[20,16,21,15],[16,22,17,21],[10,17,11,18],[2,8,3,7]]"
16,4,5,J2,"[-2,7,-1,2,-3,6,-6,7,-6,4,-3,1]","[[4,2,5,1],[8,4,9,3],[14,9,15,10],[12,5,13,6],[6,13,7,14],[18,11,19,12],[22,20,1,19],[20,16,21,15],[16,22,17,21],[10,17,11,18],[2,8,3,7]]","[[4,2,5,1],[8,4,9,3],[14,9,15,10],[12,5,13,6],[13,7,14,6],[18,11,19,12],[22,20,1,19],[20,16,21,15],[16,22,17,21],[10,17,11,18],[2,8,3,7]]"
16,5,6,J2,"[-2,7,-1,2,-3,6,-6,7,-6,4,-3,1]","[[4,2,5,1],[8,4,9,3],[14,9,15,10],[12,5,13,6],[6,13,7,14],[18,11,19,12],[22,20,1,19],[20,16,21,15],[16,22,17,21],[10,17,11,18],[2,8,3,7]]","[[4,2,5,1],[8,4,9,3],[14,9,15,10],[12,5,13,6],[6,13,7,14],[11,19,12,18],[22,20,1,19],[20,16,21,15],[16,22,17,21],[10,17,11,18],[2,8,3,7]]"
16,6,7,J3,"[-5,3,-1,2,-3,4,-4,5,-3,2,-1]","[[4,2,5,1],[8,4,9,3],[14,9,15,10],[12,5,13,6],[6,13,7,14],[18,11,19,12],[22,20,1,19],[20,16,21,15],[16,22,17,21],[10,17,11,18],[2,8,3,7]]","[[4,2,5,1],[8,4,9,3],[14,9,15,10],[12,5,13,6],[6,13,7,14],[18,11,19,12],[20,1,19,22],[20,16,21,15],[16,22,17,21],[10,17,11,18],[2,8,3,7]]"
16,7,8,J1,"[-6,2,-1,2,-4,5,-4,5,-3,2,-1]","[[4,2,5,1],[8,4,9,3],[14,9,15,10],[12,5,13,6],[6,13,7,14],[18,11,19,12],[22,20,1,19],[20,16,21,15],[16,22,17,21],[10,17,11,18],[2,8,3,7]]","[[4,2,5,1],[8,4,9,3],[14,9,15,10],[12,5,13,6],[6,13,7,14],[18,11,19,12],[22,20,1,19],[16,21,15,20],[16,22,17,21],[10,17,11,18],[2,8,3,7]]"
16,8,9,J1,"[-6,2,-1,2,-4,5,-4,5,-3,2,-1]","[[4,2,5,1],[8,4,9,3],[14,9,15,10],[12,5,13,6],[6,13,7,14],[18,11,19,12],[22,20,1,19],[20,16,21,15],[16,22,17,21],[10,17,11,18],[2,8,3,7]]","[[4,2,5,1],[8,4,9,3],[14,9,15,10],[12,5,13,6],[6,13,7,14],[18,11,19,12],[22,20,1,19],[20,16,21,15],[22,17,21,16],[10,17,11,18],[2,8,3,7]]"
16,9,10,J2,"[-2,7,-1,2,-3,6,-6,7,-6,4,-3,1]","[[4,2,5,1],[8,4,9,3],[14,9,15,10],[12,5,13,6],[6,13,7,14],[18,11,19,12],[22,20,1,19],[20,16,21,15],[16,22,17,21],[10,17,11,18],[2,8,3,7]]","[[4,2,5,1],[8,4,9,3],[14,9,15,10],[12,5,13,6],[6,13,7,14],[18,11,19,12],[22,20,1,19],[20,16,21,15],[16,22,17,21],[17,11,18,10],[2,8,3,7]]"
16,10,11,J1,"[-6,2,-1,2,-4,5,-4,5,-3,2,-1]","[[4,2,5,1],[8,4,9,3],[14,9,15,10],[12,5,13,6],[6,13,7,14],[18,11,19,12],[22,20,1,19],[20,16,21,15],[16,22,17,21],[10,17,11,18],[2,8,3,7]]","[[4,2,5,1],[8,4,9,3],[14,9,15,10],[12,5,13,6],[6,13,7,14],[18,11,19,12],[22,20,1,19],[20,16,21,15],[16,22,17,21],[10,17,11,18],[8,3,7,2]]"
